Composition,Failure_Rate_%,Event_Throughput,Wall_Time_Per_Event,CPU_Time_Per_Event,Network_Transfer_MB_Per_Event,CPU_Utilization,Memory_Occupancy,Total_Groups
1,0.000000,0.018116,6.900000,55.200000,0.449219,1.000000,1.000000,1
1,1.000000,0.018003,6.986395,55.545580,0.449219,1.000000,1.000000,1
1,5.000000,0.017460,7.418369,57.273478,0.449219,1.000000,1.000000,1
1,10.000000,0.016850,7.936739,59.346955,0.449219,1.000000,1.000000,1
1,25.000000,0.015172,9.578242,65.912968,0.449219,1.000000,1.000000,1
2,0.000000,0.018116,6.900000,55.200000,0.512695,1.000000,1.000000,2
2,1.000000,0.018003,6.986399,55.545596,0.512695,1.000000,1.000000,2
2,5.000000,0.017460,7.418394,57.273577,0.512695,1.000000,1.000000,2
2,10.000000,0.016849,7.938050,59.352200,0.513496,1.000000,1.000000,2
2,25.000000,0.015251,9.578371,65.567886,0.507152,1.000000,1.000000,2
3,0.000000,0.018116,6.900000,55.200000,0.825195,1.000000,1.000000,2
3,1.000000,0.018003,6.986398,55.545592,0.825195,1.000000,1.000000,2
3,5.000000,0.017460,7.418388,57.273552,0.825195,1.000000,1.000000,2
3,10.000000,0.016850,7.936780,59.347120,0.906406,1.000000,1.000000,2
3,25.000000,0.015251,9.578340,65.567768,0.860803,1.000000,1.000000,2
4,0.000000,0.018116,6.900000,55.200000,4.628906,1.000000,1.000000,2
4,1.000000,0.018003,6.986397,55.545587,4.628906,1.000000,1.000000,2
4,5.000000,0.017460,7.418384,57.273536,4.674047,1.000000,1.000000,2
4,10.000000,0.016850,7.936771,59.347085,4.764328,1.000000,1.000000,2
4,25.000000,0.015139,9.613587,66.054349,4.963315,1.000000,1.000000,2
5,0.000000,0.018116,6.900000,55.200000,2.011719,1.000000,1.000000,2
5,1.000000,0.018003,6.986397,55.545587,2.011719,1.000000,1.000000,2
5,5.000000,0.017460,7.418381,57.273524,2.022605,1.000000,1.000000,2
5,10.000000,0.016914,7.881000,59.123998,2.048239,1.000000,1.000000,2
5,25.000000,0.015259,9.483889,65.535557,2.108689,1.000000,1.000000,2
6,0.000000,0.018116,6.900000,55.200000,0.888672,1.000000,1.000000,3
6,1.000000,0.018003,6.986398,55.545592,0.888672,1.000000,1.000000,3
6,5.000000,0.017460,7.418388,57.273552,0.888672,1.000000,1.000000,3
6,10.000000,0.016815,7.968112,59.472446,1.001373,1.000000,1.000000,3
6,25.000000,0.015251,9.578340,65.567768,0.930081,1.000000,1.000000,3
7,0.000000,0.018116,6.900000,55.200000,4.692383,1.000000,1.000000,3
7,1.000000,0.018003,6.986397,55.545587,4.692383,1.000000,1.000000,3
7,5.000000,0.017460,7.418383,57.273531,4.738680,1.000000,1.000000,3
7,10.000000,0.016845,7.941198,59.364791,4.834087,1.000000,1.000000,3
7,25.000000,0.015092,9.664712,66.258850,5.062762,1.000000,1.000000,3
8,0.000000,0.018116,6.900000,55.200000,2.075195,1.000000,1.000000,3
8,1.000000,0.018003,6.986397,55.545587,2.075195,1.000000,1.000000,3
8,5.000000,0.017460,7.418381,57.273525,2.086261,1.000000,1.000000,3
8,10.000000,0.016858,7.929315,59.317260,2.119938,1.000000,1.000000,3
8,25.000000,0.015166,9.583942,65.935769,2.175504,1.000000,1.000000,3
9,0.000000,0.018116,6.900000,55.200000,5.004883,1.000000,1.000000,3
9,1.000000,0.018003,6.986397,55.545587,5.004883,1.000000,1.000000,3
9,5.000000,0.017460,7.418384,57.273536,5.061309,1.000000,1.000000,3
9,10.000000,0.016850,7.936771,59.347085,5.174160,1.000000,1.000000,3
9,25.000000,0.015395,9.425088,64.954765,5.257741,1.000000,1.000000,3
10,0.000000,0.018116,6.900000,55.200000,2.387695,1.000000,1.000000,3
10,1.000000,0.018003,6.986397,55.545587,2.387695,1.000000,1.000000,3
10,5.000000,0.017460,7.418381,57.273525,2.400195,1.000000,1.000000,3
10,10.000000,0.016893,7.899342,59.197366,2.488491,1.000000,1.000000,3
10,25.000000,0.015228,9.517484,65.669936,2.544281,1.000000,1.000000,3
11,0.000000,0.018116,6.900000,55.200000,6.191406,1.000000,1.000000,3
11,1.000000,0.018003,6.986397,55.545587,6.191406,1.000000,1.000000,3
11,5.000000,0.017460,7.418384,57.273536,6.236547,1.000000,1.000000,3
11,10.000000,0.016908,7.886303,59.145210,6.339587,1.000000,1.000000,3
11,25.000000,0.015322,9.416821,65.267282,6.575181,1.000000,1.000000,3
12,0.000000,0.018116,6.900000,55.200000,5.068359,1.000000,1.000000,4
12,1.000000,0.018003,6.986397,55.545587,5.068359,1.000000,1.000000,4
12,5.000000,0.017460,7.418384,57.273536,5.124785,1.000000,1.000000,4
12,10.000000,0.016844,7.942006,59.368022,5.240959,1.000000,1.000000,4
12,25.000000,0.015231,9.513540,65.654160,5.416271,1.000000,1.000000,4
13,0.000000,0.018116,6.900000,55.200000,2.451172,1.000000,1.000000,4
13,1.000000,0.018003,6.986397,55.545587,2.451172,1.000000,1.000000,4
13,5.000000,0.017460,7.418381,57.273525,2.463671,1.000000,1.000000,4
13,10.000000,0.016851,7.935628,59.342514,2.586602,1.000000,1.000000,4
13,25.000000,0.015158,9.592499,65.969996,2.591505,1.000000,1.000000,4
14,0.000000,0.018116,6.900000,55.200000,6.254883,1.000000,1.000000,4
14,1.000000,0.018003,6.986397,55.545587,6.254883,1.000000,1.000000,4
14,5.000000,0.017450,7.426282,57.305128,6.306194,1.000000,1.000000,4
14,10.000000,0.016902,7.890729,59.162917,6.409346,1.000000,1.000000,4
14,25.000000,0.015233,9.511814,65.647258,6.653289,1.000000,1.000000,4
15,0.000000,0.018116,6.900000,55.200000,6.567383,1.000000,1.000000,4
15,1.000000,0.018003,6.986397,55.545587,6.567383,1.000000,1.000000,4
15,5.000000,0.017460,7.418384,57.273536,6.623809,1.000000,1.000000,4
15,10.000000,0.016908,7.886303,59.145210,6.749419,1.000000,1.000000,4
15,25.000000,0.015544,9.270060,64.334653,6.905867,1.000000,1.000000,4
16,0.000000,0.018116,6.900000,55.200000,6.630859,1.000000,1.000000,5
16,1.000000,0.018003,6.986397,55.545587,6.630859,1.000000,1.000000,5
16,5.000000,0.017389,7.477072,57.508288,6.718807,1.000000,1.000000,5
16,10.000000,0.016962,7.839175,58.956700,6.781398,1.000000,1.000000,5
16,25.000000,0.015330,9.407963,65.231851,7.066976,1.000000,1.000000,5
