data_transfer_rate_mbps,rate_dir,workflow_type,composition_number,event_throughput,wall_time_per_event,cpu_time_per_event,network_transfer_mb_per_event,cpu_utilization,memory_occupancy,total_groups,job_overhead_secs_mean,job_overhead_secs_std,job_overhead_cpu_time_mean,job_overhead_cpu_time_std,job_overhead_sample_count
10,10MBps,fork_real,1,0.003185,40.832968,313.942167,1.432921,0.750268,0.986610,2,442.455320,374.881280,3215.318745,1264.989977,4684
10,10MBps,fork_real,2,0.003185,40.832968,313.942167,1.432921,0.750268,0.999665,2,442.455320,374.881280,3215.318745,1264.989977,4684
10,10MBps,fork_real,3,0.003185,40.846661,313.977784,1.583656,0.833512,0.991073,3,456.507087,450.390386,3271.054029,1560.779201,4685
10,10MBps,fork_real,4,0.003185,40.846661,313.977784,1.583656,0.833512,0.999777,3,456.507087,450.390386,3271.054029,1560.779201,4685
10,10MBps,fork_real,5,0.003202,40.794141,312.305521,1.585084,0.833513,0.993026,3,400.543488,429.016459,2799.875442,1488.401267,4685
10,10MBps,fork_real,6,0.003202,40.794141,312.305521,1.585084,0.833513,0.999775,3,400.543488,429.016459,2799.875442,1488.401267,4685
10,10MBps,fork_real,7,0.006228,40.936581,160.557047,2.680403,1.000000,0.991287,3,525.892651,2112.903594,2395.194530,16767.031392,4683
10,10MBps,fork_real,8,0.006228,40.936581,160.557047,2.680403,1.000000,1.000000,3,525.892651,2112.903594,2395.194530,16767.031392,4683
10,10MBps,fork_real,9,0.003248,40.800614,307.916823,1.988430,0.833518,0.999769,3,386.457479,553.151543,2436.719179,1982.437858,4685
10,10MBps,fork_real,10,0.003523,40.945642,283.871298,3.807873,0.833555,0.955202,3,540.157717,526.296201,3037.069247,1696.021370,4683
10,10MBps,fork_real,11,0.003523,40.945642,283.871298,3.807873,0.833555,0.999723,3,540.157717,526.296201,3037.069247,1696.021370,4683
10,10MBps,fork_real,12,0.003202,40.807871,312.341204,1.736469,0.875135,0.994769,4,414.705420,497.723009,2856.386690,1760.369956,4685
10,10MBps,fork_real,13,0.003202,40.807871,312.341204,1.736469,0.875135,0.999831,4,414.705420,497.723009,2856.386690,1760.369956,4685
10,10MBps,fork_real,14,0.006226,40.950485,160.610600,2.829689,1.000000,0.993465,4,539.363717,2125.944745,2448.767763,16785.791461,4688
10,10MBps,fork_real,15,0.006226,40.950485,160.610600,2.829689,1.000000,1.000000,4,539.363717,2125.944745,2448.767763,16785.791461,4688
10,10MBps,fork_real,16,0.003247,40.804681,307.950654,2.135385,0.875139,0.999827,4,400.008453,607.853145,2490.732955,2202.270890,4686
10,10MBps,fork_real,17,0.003247,40.804681,307.950654,2.135385,0.875139,0.999827,4,400.008453,607.853145,2490.732955,2202.270890,4686
10,10MBps,fork_real,18,0.006234,40.905656,160.419374,2.835797,1.000000,0.994932,4,484.633396,2123.175484,2229.784352,16782.652172,4689
10,10MBps,fork_real,19,0.006234,40.905656,160.419374,2.835797,1.000000,1.000000,4,484.633396,2123.175484,2229.784352,16782.652172,4689
10,10MBps,fork_real,20,0.003522,40.958591,283.922917,3.956270,0.875166,0.966402,4,553.709489,580.001188,3090.715237,1932.257019,4686
10,10MBps,fork_real,21,0.006214,41.024001,160.930349,5.053956,1.000000,0.966610,4,634.780313,2139.301512,2830.807464,16814.278744,4682
10,10MBps,fork_real,22,0.003522,40.958591,283.922917,3.956270,0.875166,0.999792,4,553.709489,580.001188,3090.715237,1932.257019,4686
10,10MBps,fork_real,23,0.006214,41.024001,160.930349,5.053956,1.000000,1.000000,4,634.780313,2139.301512,2830.807464,16814.278744,4682
10,10MBps,fork_real,24,0.003523,40.931962,283.852067,3.955962,0.875166,0.973006,4,544.467081,544.201461,3054.681170,1775.370815,4681
10,10MBps,fork_real,25,0.003523,40.931962,283.852067,3.955962,0.875166,0.999792,4,544.467081,544.201461,3054.681170,1775.370815,4681
10,10MBps,fork_real,26,0.003521,40.983628,284.035271,4.362198,0.875166,0.999792,4,578.761743,615.323715,3190.860492,2057.563801,4687
10,10MBps,fork_real,27,0.006237,40.868529,160.321053,3.234994,1.000000,1.000000,4,472.186607,2153.444821,2180.494954,16855.732149,4681
10,10MBps,fork_real,28,0.003246,40.833870,308.034776,2.289820,0.900111,0.999861,5,414.299304,658.210119,2547.136702,2402.060620,4690
10,10MBps,fork_real,29,0.006233,40.904341,160.442441,2.984536,1.000000,0.995946,5,498.286066,2137.230008,2284.332930,16808.895947,4690
10,10MBps,fork_real,30,0.006233,40.904341,160.442441,2.984536,1.000000,1.000000,5,498.286066,2137.230008,2284.332930,16808.895947,4690
10,10MBps,fork_real,31,0.006212,41.036846,160.981735,5.201954,1.000000,0.973288,5,648.366990,2152.147846,2885.029627,16836.891298,4684
10,10MBps,fork_real,32,0.006212,41.036846,160.981735,5.201954,1.000000,1.000000,5,648.366990,2152.147846,2885.029627,16836.891298,4684
10,10MBps,fork_real,33,0.003522,40.945138,283.904139,4.104053,0.900133,0.978405,5,558.133435,596.097860,3108.972122,2000.985796,4683
10,10MBps,fork_real,34,0.003522,40.945138,283.904139,4.104053,0.900133,0.999834,5,558.133435,596.097860,3108.972122,2000.985796,4683
10,10MBps,fork_real,35,0.003520,40.978496,284.050679,4.507173,0.900133,0.999834,5,592.087036,660.214367,3244.161665,2248.630887,4687
10,10MBps,fork_real,36,0.003520,40.978496,284.050679,4.507173,0.900133,0.999834,5,592.087036,660.214367,3244.161665,2248.630887,4687
10,10MBps,fork_real,37,0.006236,40.878069,160.365806,3.382425,1.000000,1.000000,5,485.658991,2167.100748,2234.259889,16880.125929,4683
10,10MBps,fork_real,38,0.006236,40.878069,160.365806,3.382425,1.000000,1.000000,5,485.658991,2167.100748,2234.259889,16880.125929,4683
10,10MBps,fork_real,39,0.006213,41.028784,160.948067,5.204186,1.000000,0.978571,5,639.024509,2143.092282,2847.659702,16819.047874,4684
10,10MBps,fork_real,40,0.006213,41.028784,160.948067,5.204186,1.000000,1.000000,5,639.024509,2143.092282,2847.659702,16819.047874,4684
10,10MBps,fork_real,41,0.006208,41.060864,161.074729,5.603248,1.000000,1.000000,5,672.440189,2159.863171,2981.073649,16845.725849,4688
10,10MBps,fork_real,42,0.003520,40.986749,284.092881,4.657191,0.916778,0.999861,6,605.728407,703.484705,3298.166928,2430.358864,4690
10,10MBps,fork_real,43,0.006234,40.893870,160.423177,3.532659,1.000000,1.000000,6,499.354065,2180.317237,2288.791308,16901.095558,4687
10,10MBps,fork_real,44,0.006211,41.041598,160.999393,5.352744,1.000000,0.982143,6,652.781700,2155.995545,2902.626234,16843.133700,4685
10,10MBps,fork_real,45,0.006211,41.041598,160.999393,5.352744,1.000000,1.000000,6,652.781700,2155.995545,2902.626234,16843.133700,4685
10,10MBps,fork_real,46,0.006206,41.074536,161.127626,5.754220,1.000000,1.000000,6,686.690474,2172.836640,3038.136941,16872.736281,4687
10,10MBps,fork_real,47,0.006206,41.074536,161.127626,5.754220,1.000000,1.000000,6,686.690474,2172.836640,3038.136941,16872.736281,4687
10,10MBps,fork_real,48,0.006205,41.081031,161.166264,5.903271,1.000000,1.000000,7,700.382841,2185.516940,3092.844257,16896.655027,4688
10,10MBps,fork_homo,1,0.006259,40.832968,159.757556,1.432921,1.000000,1.000000,2,442.455320,374.881280,1769.821278,1499.525118,4684
10,10MBps,fork_homo,2,0.006259,40.832968,159.757556,1.432921,1.000000,1.000000,2,442.455320,374.881280,1769.821278,1499.525118,4684
10,10MBps,fork_homo,3,0.006257,40.846661,159.810592,1.583656,1.000000,1.000000,3,456.507087,450.390386,1826.028348,1801.561545,4685
10,10MBps,fork_homo,4,0.006257,40.846661,159.810592,1.583656,1.000000,1.000000,3,456.507087,450.390386,1826.028348,1801.561545,4685
10,10MBps,fork_homo,5,0.006266,40.794141,159.602735,1.585084,1.000000,1.000000,3,400.543488,429.016459,1602.173951,1716.065835,4685
10,10MBps,fork_homo,6,0.006266,40.794141,159.602735,1.585084,1.000000,1.000000,3,400.543488,429.016459,1602.173951,1716.065835,4685
10,10MBps,fork_homo,7,0.006246,40.936581,160.106632,2.680403,1.000000,1.000000,3,525.892651,2112.903594,2103.570605,8451.614376,4683
10,10MBps,fork_homo,8,0.006246,40.936581,160.106632,2.680403,1.000000,1.000000,3,525.892651,2112.903594,2103.570605,8451.614376,4683
10,10MBps,fork_homo,9,0.006266,40.800614,159.588878,1.988430,1.000000,1.000000,3,386.457479,553.151543,1545.829918,2212.606171,4685
10,10MBps,fork_homo,10,0.006244,40.945642,160.160342,3.807873,1.000000,1.000000,3,540.157717,526.296201,2160.630866,2105.184805,4683
10,10MBps,fork_homo,11,0.006244,40.945642,160.160342,3.807873,1.000000,1.000000,3,540.157717,526.296201,2160.630866,2105.184805,4683
10,10MBps,fork_homo,12,0.006263,40.807871,159.655821,1.736469,1.000000,1.000000,4,414.705420,497.723009,1658.821680,1990.892036,4685
10,10MBps,fork_homo,13,0.006263,40.807871,159.655821,1.736469,1.000000,1.000000,4,414.705420,497.723009,1658.821680,1990.892036,4685
10,10MBps,fork_homo,14,0.006244,40.950485,160.160185,2.829689,1.000000,1.000000,4,539.363717,2125.944745,2157.454869,8503.778979,4688
10,10MBps,fork_homo,15,0.006244,40.950485,160.160185,2.829689,1.000000,1.000000,4,539.363717,2125.944745,2157.454869,8503.778979,4688
10,10MBps,fork_homo,16,0.006265,40.804681,159.622710,2.135385,1.000000,1.000000,4,400.008453,607.853145,1600.033811,2431.412581,4686
10,10MBps,fork_homo,17,0.006265,40.804681,159.622710,2.135385,1.000000,1.000000,4,400.008453,607.853145,1600.033811,2431.412581,4686
10,10MBps,fork_homo,18,0.006251,40.905656,159.968959,2.835797,1.000000,1.000000,4,484.633396,2123.175484,1938.533585,8492.701936,4689
10,10MBps,fork_homo,19,0.006251,40.905656,159.968959,2.835797,1.000000,1.000000,4,484.633396,2123.175484,1938.533585,8492.701936,4689
10,10MBps,fork_homo,20,0.006242,40.958591,160.211961,3.956270,1.000000,1.000000,4,553.709489,580.001188,2214.837956,2320.004754,4686
10,10MBps,fork_homo,21,0.006231,41.024001,160.479934,5.053956,1.000000,1.000000,4,634.780313,2139.301512,2539.121253,8557.206049,4682
10,10MBps,fork_homo,22,0.006242,40.958591,160.211961,3.956270,1.000000,1.000000,4,553.709489,580.001188,2214.837956,2320.004754,4686
10,10MBps,fork_homo,23,0.006231,41.024001,160.479934,5.053956,1.000000,1.000000,4,634.780313,2139.301512,2539.121253,8557.206049,4682
10,10MBps,fork_homo,24,0.006244,40.931962,160.141112,3.955962,1.000000,1.000000,4,544.467081,544.201461,2177.868323,2176.805845,4681
10,10MBps,fork_homo,25,0.006244,40.931962,160.141112,3.955962,1.000000,1.000000,4,544.467081,544.201461,2177.868323,2176.805845,4681
10,10MBps,fork_homo,26,0.006238,40.983628,160.306921,4.362198,1.000000,1.000000,4,578.761743,615.323715,2315.046972,2461.294860,4687
10,10MBps,fork_homo,27,0.006255,40.868529,159.870638,3.234994,1.000000,1.000000,4,472.186607,2153.444821,1888.746430,8613.779284,4681
10,10MBps,fork_homo,28,0.006261,40.833870,159.706832,2.289820,1.000000,1.000000,5,414.299304,658.210119,1657.197216,2632.840478,4690
10,10MBps,fork_homo,29,0.006250,40.904341,159.992026,2.984536,1.000000,1.000000,5,498.286066,2137.230008,1993.144264,8548.920031,4690
10,10MBps,fork_homo,30,0.006250,40.904341,159.992026,2.984536,1.000000,1.000000,5,498.286066,2137.230008,1993.144264,8548.920031,4690
10,10MBps,fork_homo,31,0.006229,41.036846,160.531320,5.201954,1.000000,1.000000,5,648.366990,2152.147846,2593.467961,8608.591383,4684
10,10MBps,fork_homo,32,0.006229,41.036846,160.531320,5.201954,1.000000,1.000000,5,648.366990,2152.147846,2593.467961,8608.591383,4684
10,10MBps,fork_homo,33,0.006242,40.945138,160.193184,4.104053,1.000000,1.000000,5,558.133435,596.097860,2232.533741,2384.391438,4683
10,10MBps,fork_homo,34,0.006242,40.945138,160.193184,4.104053,1.000000,1.000000,5,558.133435,596.097860,2232.533741,2384.391438,4683
10,10MBps,fork_homo,35,0.006237,40.978496,160.322329,4.507173,1.000000,1.000000,5,592.087036,660.214367,2368.348145,2640.857467,4687
10,10MBps,fork_homo,36,0.006237,40.978496,160.322329,4.507173,1.000000,1.000000,5,592.087036,660.214367,2368.348145,2640.857467,4687
10,10MBps,fork_homo,37,0.006253,40.878069,159.915391,3.382425,1.000000,1.000000,5,485.658991,2167.100748,1942.635963,8668.402991,4683
10,10MBps,fork_homo,38,0.006253,40.878069,159.915391,3.382425,1.000000,1.000000,5,485.658991,2167.100748,1942.635963,8668.402991,4683
10,10MBps,fork_homo,39,0.006231,41.028784,160.497652,5.204186,1.000000,1.000000,5,639.024509,2143.092282,2556.098036,8572.369130,4684
10,10MBps,fork_homo,40,0.006231,41.028784,160.497652,5.204186,1.000000,1.000000,5,639.024509,2143.092282,2556.098036,8572.369130,4684
10,10MBps,fork_homo,41,0.006226,41.060864,160.624314,5.603248,1.000000,1.000000,5,672.440189,2159.863171,2689.760756,8639.452683,4688
10,10MBps,fork_homo,42,0.006236,40.986749,160.364531,4.657191,1.000000,1.000000,6,605.728407,703.484705,2422.913629,2813.938820,4690
10,10MBps,fork_homo,43,0.006251,40.893870,159.972762,3.532659,1.000000,1.000000,6,499.354065,2180.317237,1997.416261,8721.268947,4687
10,10MBps,fork_homo,44,0.006229,41.041598,160.548978,5.352744,1.000000,1.000000,6,652.781700,2155.995545,2611.126801,8623.982180,4685
10,10MBps,fork_homo,45,0.006229,41.041598,160.548978,5.352744,1.000000,1.000000,6,652.781700,2155.995545,2611.126801,8623.982180,4685
10,10MBps,fork_homo,46,0.006224,41.074536,160.677211,5.754220,1.000000,1.000000,6,686.690474,2172.836640,2746.761895,8691.346560,4687
10,10MBps,fork_homo,47,0.006224,41.074536,160.677211,5.754220,1.000000,1.000000,6,686.690474,2172.836640,2746.761895,8691.346560,4687
10,10MBps,fork_homo,48,0.006222,41.081031,160.715849,5.903271,1.000000,1.000000,7,700.382841,2185.516940,2801.531364,8742.067759,4688
10,10MBps,fork_hetero,1,0.000404,40.832968,2472.526725,1.432921,0.519878,0.590707,2,442.455320,374.881280,23452.283275,3575.462300,4684
10,10MBps,fork_hetero,2,0.000404,40.832968,2472.526725,1.432921,0.519878,0.590707,2,442.455320,374.881280,23452.283275,3575.462300,4684
10,10MBps,fork_hetero,3,0.000405,40.846661,2471.350672,1.583656,0.737611,0.788676,3,456.507087,450.390386,23442.882337,3678.480099,4685
10,10MBps,fork_hetero,4,0.000405,40.846661,2471.350672,1.583656,0.737611,0.788676,3,456.507087,450.390386,23442.882337,3678.480099,4685
10,10MBps,fork_hetero,5,0.000408,40.794141,2449.176694,1.585084,0.680451,0.728041,3,400.543488,429.016459,19509.126676,3211.932451,4685
10,10MBps,fork_hetero,6,0.000408,40.794141,2449.176694,1.585084,0.680451,0.728041,3,400.543488,429.016459,19509.126676,3211.932451,4685
10,10MBps,fork_hetero,7,0.000405,40.936581,2471.533434,2.680403,0.679950,0.727252,3,525.892651,2112.903594,24694.091690,16353.437158,4683
10,10MBps,fork_hetero,8,0.000405,40.936581,2471.533434,2.680403,0.679950,0.727252,3,525.892651,2112.903594,24694.091690,16353.437158,4683
10,10MBps,fork_hetero,9,0.000419,40.800614,2384.508042,1.988430,0.624164,0.668468,3,386.457479,553.151543,14909.168844,2127.694058,4685
10,10MBps,fork_hetero,10,0.001339,40.945642,747.019367,3.807873,0.719570,0.886303,3,540.157717,526.296201,17435.597991,30972.209716,4683
10,10MBps,fork_hetero,11,0.001339,40.945642,747.019367,3.807873,0.719570,0.886303,3,540.157717,526.296201,17435.597991,30972.209716,4683
10,10MBps,fork_hetero,12,0.000409,40.807871,2447.973487,1.736469,0.803608,0.842185,4,414.705420,497.723009,19503.575107,3310.299852,4685
10,10MBps,fork_hetero,13,0.000409,40.807871,2447.973487,1.736469,0.803608,0.842185,4,414.705420,497.723009,19503.575107,3310.299852,4685
10,10MBps,fork_hetero,14,0.000405,40.950485,2470.632886,2.829689,0.803232,0.841593,4,539.363717,2125.944745,24666.178923,16380.900733,4688
10,10MBps,fork_hetero,15,0.000405,40.950485,2470.632886,2.829689,0.803232,0.841593,4,539.363717,2125.944745,24666.178923,16380.900733,4688
10,10MBps,fork_hetero,16,0.000420,40.804681,2383.560333,2.135385,0.761392,0.797505,4,400.008453,607.853145,14901.172788,2271.224090,4686
10,10MBps,fork_hetero,17,0.000420,40.804681,2383.560333,2.135385,0.761392,0.797505,4,400.008453,607.853145,14901.172788,2271.224090,4686
10,10MBps,fork_hetero,18,0.000409,40.905656,2447.934517,2.835797,0.760363,0.796118,4,484.633396,2123.175484,20773.744524,16403.621736,4689
10,10MBps,fork_hetero,19,0.000409,40.905656,2447.934517,2.835797,0.760363,0.796118,4,484.633396,2123.175484,20773.744524,16403.621736,4689
10,10MBps,fork_hetero,20,0.001340,40.958591,746.095769,3.956270,0.832947,0.960881,4,553.709489,580.001188,17421.308152,30974.226071,4686
10,10MBps,fork_hetero,21,0.001605,41.024001,623.012834,5.053956,0.914511,0.914998,4,634.780313,2139.301512,17201.521734,35283.703538,4682
10,10MBps,fork_hetero,22,0.001340,40.958591,746.095769,3.956270,0.832947,0.960881,4,553.709489,580.001188,17421.308152,30974.226071,4686
10,10MBps,fork_hetero,23,0.001605,41.024001,623.012834,5.053956,0.914511,0.914998,4,634.780313,2139.301512,17201.521734,35283.703538,4682
10,10MBps,fork_hetero,24,0.001377,40.931962,726.375641,3.955962,0.798415,0.923442,4,544.467081,544.201461,16474.730130,29747.173802,4681
10,10MBps,fork_hetero,25,0.001377,40.931962,726.375641,3.955962,0.798415,0.923442,4,544.467081,544.201461,16474.730130,29747.173802,4681
10,10MBps,fork_hetero,26,0.001508,40.983628,663.332467,4.362198,0.788628,0.907422,4,578.761743,615.323715,14928.428499,28445.778541,4687
10,10MBps,fork_hetero,27,0.000420,40.868529,2382.520043,3.234994,0.718149,0.751442,4,472.186607,2153.444821,16290.930630,16388.733959,4681
10,10MBps,fork_hetero,28,0.000420,40.833870,2382.662914,2.289820,0.843729,0.874927,5,414.299304,658.210119,14887.694363,2414.774150,4690
10,10MBps,fork_hetero,29,0.000409,40.904341,2446.681964,2.984536,0.842905,0.873818,5,498.286066,2137.230008,20760.953949,16427.695976,4690
10,10MBps,fork_hetero,30,0.000409,40.904341,2446.681964,2.984536,0.842905,0.873818,5,498.286066,2137.230008,20760.953949,16427.695976,4690
10,10MBps,fork_hetero,31,0.001607,41.036846,622.377090,5.201954,0.966224,0.968921,5,648.366990,2152.147846,17200.189492,35286.692888,4684
10,10MBps,fork_hetero,32,0.001607,41.036846,622.377090,5.201954,0.966224,0.968921,5,648.366990,2152.147846,17200.189492,35286.692888,4684
10,10MBps,fork_hetero,33,0.001378,40.945138,725.473683,4.104053,0.873347,0.975676,5,558.133435,596.097860,16465.601911,29751.585552,4683
10,10MBps,fork_hetero,34,0.001378,40.945138,725.473683,4.104053,0.873347,0.975676,5,558.133435,596.097860,16465.601911,29751.585552,4683
10,10MBps,fork_hetero,35,0.001509,40.978496,662.647014,4.507173,0.865518,0.962861,5,592.087036,660.214367,14931.483312,28458.097543,4687
10,10MBps,fork_hetero,36,0.001509,40.978496,662.647014,4.507173,0.865518,0.962861,5,592.087036,660.214367,14931.483312,28458.097543,4687
10,10MBps,fork_hetero,37,0.000420,40.878069,2381.844005,3.382425,0.809135,0.838077,5,485.658991,2167.100748,16280.938050,16405.557922,4683
10,10MBps,fork_hetero,38,0.000420,40.878069,2381.844005,3.382425,0.809135,0.838077,5,485.658991,2167.100748,16280.938050,16405.557922,4683
10,10MBps,fork_hetero,39,0.001659,41.028784,602.686502,5.204186,0.938599,0.938970,5,639.024509,2143.092282,16237.174044,34188.711377,4684
10,10MBps,fork_hetero,40,0.001659,41.028784,602.686502,5.204186,0.938599,0.938970,5,639.024509,2143.092282,16237.174044,34188.711377,4684
10,10MBps,fork_hetero,41,0.001851,41.060864,540.105702,5.603248,0.930769,0.926154,5,672.440189,2159.863171,14708.647708,33063.180024,4688
10,10MBps,fork_hetero,42,0.001512,40.986749,661.448957,4.657191,0.916778,0.999820,6,605.728407,703.484705,14910.909552,28459.039229,4690
10,10MBps,fork_hetero,43,0.000420,40.893870,2380.921435,3.532659,0.869792,0.895833,6,499.354065,2180.317237,16264.240672,16421.923268,4687
10,10MBps,fork_hetero,44,0.001661,41.041598,602.050533,5.352744,0.977679,0.979911,6,652.781700,2155.995545,16239.681430,34194.862821,4685
10,10MBps,fork_hetero,45,0.001661,41.041598,602.050533,5.352744,0.977679,0.979911,6,652.781700,2155.995545,16239.681430,34194.862821,4685
10,10MBps,fork_hetero,46,0.001855,41.074536,539.176338,5.754220,0.971154,0.969231,6,686.690474,2172.836640,14708.109538,33075.980924,4687
10,10MBps,fork_hetero,47,0.001855,41.074536,539.176338,5.754220,0.971154,0.969231,6,686.690474,2172.836640,14708.109538,33075.980924,4687
10,10MBps,fork_hetero,48,0.001858,41.081031,538.230267,5.903271,1.000000,1.000000,7,700.382841,2185.516940,14700.835772,33081.703297,4688
100,100MBps,fork_real,1,0.003193,40.699960,313.156908,1.432921,0.750268,0.986610,2,302.976318,33.085443,2377.082686,310.876337,4684
100,100MBps,fork_real,2,0.003193,40.699960,313.156908,1.432921,0.750268,0.999665,2,302.976318,33.085443,2377.082686,310.876337,4684
100,100MBps,fork_real,3,0.003193,40.699609,313.138097,1.583656,0.833512,0.991073,3,302.528190,32.942693,2374.909885,318.316057,4685
100,100MBps,fork_real,4,0.003193,40.699609,313.138097,1.583656,0.833512,0.999777,3,302.528190,32.942693,2374.909885,318.316057,4685
100,100MBps,fork_real,5,0.003211,40.646774,311.476004,1.585408,0.833513,0.993026,3,246.396529,33.008760,1914.584014,237.402344,4685
100,100MBps,fork_real,6,0.003211,40.646774,311.476004,1.585408,0.833513,0.999775,3,246.396529,33.008760,1914.584014,237.402344,4685
100,100MBps,fork_real,7,0.006277,40.677770,159.315555,2.680403,1.000000,0.991287,3,260.062039,205.075029,1069.664232,1660.448362,4683
100,100MBps,fork_real,8,0.006277,40.677770,159.315555,2.680403,1.000000,1.000000,3,260.062039,205.075029,1069.664232,1660.448362,4683
100,100MBps,fork_real,9,0.003257,40.615617,306.995678,1.988430,0.833518,0.999769,3,193.470721,46.560312,1453.640755,155.191217,4685
100,100MBps,fork_real,10,0.003545,40.590853,282.051743,3.807873,0.833555,0.955202,3,169.643574,70.353802,1094.346258,131.289064,4683
100,100MBps,fork_real,11,0.003545,40.590853,282.051743,3.807873,0.833555,0.999723,3,169.643574,70.353802,1094.346258,131.289064,4683
100,100MBps,fork_real,12,0.003211,40.646409,311.457157,1.736469,0.875135,0.994769,4,246.002025,31.996127,1912.900142,241.840407,4685
100,100MBps,fork_real,13,0.003211,40.646409,311.457157,1.736469,0.875135,0.999831,4,246.002025,31.996127,1912.900142,241.840407,4685
100,100MBps,fork_real,14,0.006277,40.677937,159.315266,2.829689,1.000000,0.993465,4,259.460049,204.925568,1067.224899,1659.526252,4688
100,100MBps,fork_real,15,0.006277,40.677937,159.315266,2.829689,1.000000,1.000000,4,259.460049,204.925568,1067.224899,1659.526252,4688
100,100MBps,fork_real,16,0.003257,40.612585,307.006409,2.136651,0.875139,0.999827,4,192.967646,45.455082,1451.128100,159.537623,4689
100,100MBps,fork_real,17,0.003257,40.612585,307.006409,2.136651,0.875139,0.999827,4,192.967646,45.455082,1451.128100,159.537623,4689
100,100MBps,fork_real,18,0.006285,40.623009,159.103843,2.834337,1.000000,0.994932,4,204.055305,207.639765,845.605921,1668.823272,4688
100,100MBps,fork_real,19,0.006285,40.623009,159.103843,2.834337,1.000000,1.000000,4,204.055305,207.639765,845.605921,1668.823272,4688
100,100MBps,fork_real,20,0.003545,40.590279,282.049950,3.956270,0.875166,0.966402,4,169.184649,69.465734,1092.244379,130.100811,4686
100,100MBps,fork_real,21,0.006296,40.543888,158.824378,5.053956,1.000000,0.966610,4,138.094221,225.475737,581.799243,1710.784980,4682
100,100MBps,fork_real,22,0.003545,40.590279,282.049950,3.956270,0.875166,0.999792,4,169.184649,69.465734,1092.244379,130.100811,4686
100,100MBps,fork_real,23,0.006296,40.543888,158.824378,5.053956,1.000000,1.000000,4,138.094221,225.475737,581.799243,1710.784980,4682
100,100MBps,fork_real,24,0.003546,40.572610,281.997020,3.957097,0.875166,0.973006,4,159.668359,55.405857,1054.534198,142.487068,4682
100,100MBps,fork_real,25,0.003546,40.572610,281.997020,3.957097,0.875166,0.999792,4,159.668359,55.405857,1054.534198,142.487068,4682
100,100MBps,fork_real,26,0.003546,40.577298,282.015893,4.362198,0.875166,0.999792,4,155.288165,57.017536,1036.628187,194.688273,4687
100,100MBps,fork_real,27,0.006294,40.557975,158.879394,3.234994,1.000000,1.000000,4,152.790333,214.015528,640.589978,1686.175974,4681
100,100MBps,fork_real,28,0.003257,40.620938,307.005027,2.289820,0.900111,0.999861,5,192.572361,44.252230,1449.322625,161.602404,4690
100,100MBps,fork_real,29,0.006286,40.617003,159.091159,2.984536,1.000000,0.995946,5,203.590440,207.372446,843.733933,1668.056367,4690
100,100MBps,fork_real,30,0.006286,40.617003,159.091159,2.984536,1.000000,1.000000,5,203.590440,207.372446,843.733933,1668.056367,4690
100,100MBps,fork_real,31,0.006296,40.543539,158.823008,5.202026,1.000000,0.973288,5,137.669668,225.092800,580.088466,1709.743352,4684
100,100MBps,fork_real,32,0.006296,40.543539,158.823008,5.202026,1.000000,1.000000,5,137.669668,225.092800,580.088466,1709.743352,4684
100,100MBps,fork_real,33,0.003546,40.563558,281.978270,4.104053,0.900133,0.978405,5,159.241274,54.163224,1052.737058,139.957290,4683
100,100MBps,fork_real,34,0.003546,40.563558,281.978270,4.104053,0.900133,0.999834,5,159.241274,54.163224,1052.737058,139.957290,4683
100,100MBps,fork_real,35,0.003546,40.559527,281.979658,4.508861,0.900133,0.999834,5,154.840499,55.799733,1034.837525,192.856332,4687
100,100MBps,fork_real,36,0.003546,40.559527,281.979658,4.508861,0.900133,0.999834,5,154.840499,55.799733,1034.837525,192.856332,4687
100,100MBps,fork_real,37,0.006294,40.553100,158.868997,3.382539,1.000000,1.000000,5,152.299389,213.627676,638.607351,1685.022192,4684
100,100MBps,fork_real,38,0.006294,40.553100,158.868997,3.382539,1.000000,1.000000,5,152.299389,213.627676,638.607351,1685.022192,4684
100,100MBps,fork_real,39,0.006298,40.534779,158.787945,5.204186,1.000000,0.978571,5,128.099505,219.785629,541.807815,1699.322728,4684
100,100MBps,fork_real,40,0.006298,40.534779,158.787945,5.204186,1.000000,1.000000,5,128.099505,219.785629,541.807815,1699.322728,4684
100,100MBps,fork_real,41,0.006298,40.530272,158.771119,5.603248,1.000000,1.000000,5,123.691758,219.484730,524.151733,1698.474376,4688
100,100MBps,fork_real,42,0.003547,40.553934,281.967801,4.657191,0.916778,0.999861,6,154.353225,54.592042,1032.622663,191.827585,4690
100,100MBps,fork_real,43,0.006294,40.556235,158.874622,3.532659,1.000000,1.000000,6,151.857958,213.233322,636.822805,1683.852886,4687
100,100MBps,fork_real,44,0.006298,40.534018,158.785752,5.352744,1.000000,0.982143,6,127.686494,219.386435,540.149496,1698.392932,4685
100,100MBps,fork_real,45,0.006298,40.534018,158.785752,5.352744,1.000000,1.000000,6,127.686494,219.386435,540.149496,1698.392932,4685
100,100MBps,fork_real,46,0.006298,40.530602,158.771038,5.753100,1.000000,1.000000,6,123.237367,219.044671,522.315380,1697.198460,4691
100,100MBps,fork_real,47,0.006298,40.530602,158.771038,5.753100,1.000000,1.000000,6,123.237367,219.044671,522.315380,1697.198460,4691
100,100MBps,fork_real,48,0.006299,40.522843,158.754729,5.903271,1.000000,1.000000,7,122.857610,218.739064,520.815142,1696.992353,4688
100,100MBps,fork_homo,1,0.006280,40.699960,159.234900,1.432921,1.000000,1.000000,2,302.976318,33.085443,1211.905270,132.341774,4684
100,100MBps,fork_homo,2,0.006280,40.699960,159.234900,1.432921,1.000000,1.000000,2,302.976318,33.085443,1211.905270,132.341774,4684
100,100MBps,fork_homo,3,0.006280,40.699609,159.233479,1.583656,1.000000,1.000000,3,302.528190,32.942693,1210.112760,131.770771,4685
100,100MBps,fork_homo,4,0.006280,40.699609,159.233479,1.583656,1.000000,1.000000,3,302.528190,32.942693,1210.112760,131.770771,4685
100,100MBps,fork_homo,5,0.006288,40.646774,159.024992,1.585408,1.000000,1.000000,3,246.396529,33.008760,985.586117,132.035041,4685
100,100MBps,fork_homo,6,0.006288,40.646774,159.024992,1.585408,1.000000,1.000000,3,246.396529,33.008760,985.586117,132.035041,4685
100,100MBps,fork_homo,7,0.006285,40.677770,159.110724,2.680403,1.000000,1.000000,3,260.062039,205.075029,1040.248156,820.300117,4683
100,100MBps,fork_homo,8,0.006285,40.677770,159.110724,2.680403,1.000000,1.000000,3,260.062039,205.075029,1040.248156,820.300117,4683
100,100MBps,fork_homo,9,0.006295,40.615617,158.865564,1.988430,1.000000,1.000000,3,193.470721,46.560312,773.882885,186.241250,4685
100,100MBps,fork_homo,10,0.006298,40.590853,158.772248,3.807873,1.000000,1.000000,3,169.643574,70.353802,678.574297,281.415209,4683
100,100MBps,fork_homo,11,0.006298,40.590853,158.772248,3.807873,1.000000,1.000000,3,169.643574,70.353802,678.574297,281.415209,4683
100,100MBps,fork_homo,12,0.006288,40.646409,159.023520,1.736469,1.000000,1.000000,4,246.002025,31.996127,984.008102,127.984507,4685
100,100MBps,fork_homo,13,0.006288,40.646409,159.023520,1.736469,1.000000,1.000000,4,246.002025,31.996127,984.008102,127.984507,4685
100,100MBps,fork_homo,14,0.006285,40.677937,159.110435,2.829689,1.000000,1.000000,4,259.460049,204.925568,1037.840197,819.702272,4688
100,100MBps,fork_homo,15,0.006285,40.677937,159.110435,2.829689,1.000000,1.000000,4,259.460049,204.925568,1037.840197,819.702272,4688
100,100MBps,fork_homo,16,0.006295,40.612585,158.858950,2.136651,1.000000,1.000000,4,192.967646,45.455082,771.870585,181.820329,4689
100,100MBps,fork_homo,17,0.006295,40.612585,158.858950,2.136651,1.000000,1.000000,4,192.967646,45.455082,771.870585,181.820329,4689
100,100MBps,fork_homo,18,0.006293,40.623009,158.899012,2.834337,1.000000,1.000000,4,204.055305,207.639765,816.221219,830.559061,4688
100,100MBps,fork_homo,19,0.006293,40.623009,158.899012,2.834337,1.000000,1.000000,4,204.055305,207.639765,816.221219,830.559061,4688
100,100MBps,fork_homo,20,0.006298,40.590279,158.770455,3.956270,1.000000,1.000000,4,169.184649,69.465734,676.738597,277.862937,4686
100,100MBps,fork_homo,21,0.006304,40.543888,158.619547,5.053956,1.000000,1.000000,4,138.094221,225.475737,552.376884,901.902947,4682
100,100MBps,fork_homo,22,0.006298,40.590279,158.770455,3.956270,1.000000,1.000000,4,169.184649,69.465734,676.738597,277.862937,4686
100,100MBps,fork_homo,23,0.006304,40.543888,158.619547,5.053956,1.000000,1.000000,4,138.094221,225.475737,552.376884,901.902947,4682
100,100MBps,fork_homo,24,0.006301,40.572610,158.717524,3.957097,1.000000,1.000000,4,159.668359,55.405857,638.673435,221.623427,4682
100,100MBps,fork_homo,25,0.006301,40.572610,158.717524,3.957097,1.000000,1.000000,4,159.668359,55.405857,638.673435,221.623427,4682
100,100MBps,fork_homo,26,0.006300,40.577298,158.719064,4.362198,1.000000,1.000000,4,155.288165,57.017536,621.152660,228.070146,4687
100,100MBps,fork_homo,27,0.006302,40.557975,158.674563,3.234994,1.000000,1.000000,4,152.790333,214.015528,611.161334,856.062112,4681
100,100MBps,fork_homo,28,0.006294,40.620938,158.874913,2.289820,1.000000,1.000000,5,192.572361,44.252230,770.289444,177.008919,4690
100,100MBps,fork_homo,29,0.006294,40.617003,158.886328,2.984536,1.000000,1.000000,5,203.590440,207.372446,814.361761,829.489784,4690
100,100MBps,fork_homo,30,0.006294,40.617003,158.886328,2.984536,1.000000,1.000000,5,203.590440,207.372446,814.361761,829.489784,4690
100,100MBps,fork_homo,31,0.006304,40.543539,158.618177,5.202026,1.000000,1.000000,5,137.669668,225.092800,550.678670,900.371199,4684
100,100MBps,fork_homo,32,0.006304,40.543539,158.618177,5.202026,1.000000,1.000000,5,137.669668,225.092800,550.678670,900.371199,4684
100,100MBps,fork_homo,33,0.006301,40.563558,158.698774,4.104053,1.000000,1.000000,5,159.241274,54.163224,636.965097,216.652895,4683
100,100MBps,fork_homo,34,0.006301,40.563558,158.698774,4.104053,1.000000,1.000000,5,159.241274,54.163224,636.965097,216.652895,4683
100,100MBps,fork_homo,35,0.006302,40.559527,158.682829,4.508861,1.000000,1.000000,5,154.840499,55.799733,619.361997,223.198930,4687
100,100MBps,fork_homo,36,0.006302,40.559527,158.682829,4.508861,1.000000,1.000000,5,154.840499,55.799733,619.361997,223.198930,4687
100,100MBps,fork_homo,37,0.006303,40.553100,158.664166,3.382539,1.000000,1.000000,5,152.299389,213.627676,609.197555,854.510704,4684
100,100MBps,fork_homo,38,0.006303,40.553100,158.664166,3.382539,1.000000,1.000000,5,152.299389,213.627676,609.197555,854.510704,4684
100,100MBps,fork_homo,39,0.006306,40.534779,158.583114,5.204186,1.000000,1.000000,5,128.099505,219.785629,512.398019,879.142518,4684
100,100MBps,fork_homo,40,0.006306,40.534779,158.583114,5.204186,1.000000,1.000000,5,128.099505,219.785629,512.398019,879.142518,4684
100,100MBps,fork_homo,41,0.006307,40.530272,158.566288,5.603248,1.000000,1.000000,5,123.691758,219.484730,494.767031,877.938918,4688
100,100MBps,fork_homo,42,0.006302,40.553934,158.670972,4.657191,1.000000,1.000000,6,154.353225,54.592042,617.412898,218.368168,4690
100,100MBps,fork_homo,43,0.006302,40.556235,158.669791,3.532659,1.000000,1.000000,6,151.857958,213.233322,607.431833,852.933289,4687
100,100MBps,fork_homo,44,0.006306,40.534018,158.580921,5.352744,1.000000,1.000000,6,127.686494,219.386435,510.745978,877.545739,4685
100,100MBps,fork_homo,45,0.006306,40.534018,158.580921,5.352744,1.000000,1.000000,6,127.686494,219.386435,510.745978,877.545739,4685
100,100MBps,fork_homo,46,0.006307,40.530602,158.566207,5.753100,1.000000,1.000000,6,123.237367,219.044671,492.949470,876.178686,4691
100,100MBps,fork_homo,47,0.006307,40.530602,158.566207,5.753100,1.000000,1.000000,6,123.237367,219.044671,492.949470,876.178686,4691
100,100MBps,fork_homo,48,0.006307,40.522843,158.549898,5.903271,1.000000,1.000000,7,122.857610,218.739064,491.430440,874.956257,4688
100,100MBps,fork_hetero,1,0.000405,40.699960,2468.065012,1.432921,0.519878,0.590707,2,302.976318,33.085443,18689.566500,3790.467617,4684
100,100MBps,fork_hetero,2,0.000405,40.699960,2468.065012,1.432921,0.519878,0.590707,2,302.976318,33.085443,18689.566500,3790.467617,4684
100,100MBps,fork_hetero,3,0.000405,40.699609,2466.883091,1.583656,0.737611,0.788676,3,302.528190,32.942693,18674.919824,3847.286525,4685
100,100MBps,fork_hetero,4,0.000405,40.699609,2466.883091,1.583656,0.737611,0.788676,3,302.528190,32.942693,18674.919824,3847.286525,4685
100,100MBps,fork_hetero,5,0.000409,40.646774,2444.857413,1.585408,0.680451,0.728041,3,246.396529,33.008760,14913.266088,3300.622214,4685
100,100MBps,fork_hetero,6,0.000409,40.646774,2444.857413,1.585408,0.680451,0.728041,3,246.396529,33.008760,14913.266088,3300.622214,4685
100,100MBps,fork_hetero,7,0.000406,40.677770,2462.950654,2.680403,0.679950,0.727252,3,260.062039,205.075029,15530.329092,3313.452284,4683
100,100MBps,fork_hetero,8,0.000406,40.677770,2462.950654,2.680403,0.679950,0.727252,3,260.062039,205.075029,15530.329092,3313.452284,4683
100,100MBps,fork_hetero,9,0.000420,40.615617,2380.817276,1.988430,0.624164,0.668468,3,193.470721,46.560312,10970.250929,2844.816753,4685
100,100MBps,fork_hetero,10,0.001361,40.590853,734.751081,3.807873,0.719570,0.886303,3,169.643574,70.353802,4336.851279,6770.404705,4683
100,100MBps,fork_hetero,11,0.001361,40.590853,734.751081,3.807873,0.719570,0.886303,3,169.643574,70.353802,4336.851279,6770.404705,4683
100,100MBps,fork_hetero,12,0.000409,40.646409,2443.662644,1.736469,0.803608,0.842185,4,246.002025,31.996127,14902.888567,3342.907283,4685
100,100MBps,fork_hetero,13,0.000409,40.646409,2443.662644,1.736469,0.803608,0.842185,4,246.002025,31.996127,14902.888567,3342.907283,4685
100,100MBps,fork_hetero,14,0.000406,40.677937,2462.043723,2.829689,0.803232,0.841593,4,259.460049,204.925568,15505.383251,3386.645170,4688
100,100MBps,fork_hetero,15,0.000406,40.677937,2462.043723,2.829689,0.803232,0.841593,4,259.460049,204.925568,15505.383251,3386.645170,4688
100,100MBps,fork_hetero,16,0.000420,40.612585,2380.151177,2.136651,0.761392,0.797505,4,192.967646,45.455082,10953.589598,2888.117831,4689
100,100MBps,fork_hetero,17,0.000420,40.612585,2380.151177,2.136651,0.761392,0.797505,4,192.967646,45.455082,10953.589598,2888.117831,4689
100,100MBps,fork_hetero,18,0.000410,40.623009,2439.476680,2.834337,0.760363,0.796118,4,204.055305,207.639765,11789.696415,2862.397401,4688
100,100MBps,fork_hetero,19,0.000410,40.623009,2439.476680,2.834337,0.760363,0.796118,4,204.055305,207.639765,11789.696415,2862.397401,4688
100,100MBps,fork_hetero,20,0.001363,40.590279,733.822382,3.956270,0.832947,0.960881,4,169.184649,69.465734,4325.505335,6773.468239,4686
100,100MBps,fork_hetero,21,0.001638,40.543888,610.482220,5.053956,0.914511,0.914998,4,138.094221,225.475737,3819.831797,7216.320845,4682
100,100MBps,fork_hetero,22,0.001363,40.590279,733.822382,3.956270,0.832947,0.960881,4,169.184649,69.465734,4325.505335,6773.468239,4686
100,100MBps,fork_hetero,23,0.001638,40.543888,610.482220,5.053956,0.914511,0.914998,4,138.094221,225.475737,3819.831797,7216.320845,4682
100,100MBps,fork_hetero,24,0.001400,40.572610,714.316310,3.957097,0.798415,0.923442,4,159.668359,55.405857,3546.680780,5280.553226,4682
100,100MBps,fork_hetero,25,0.001400,40.572610,714.316310,3.957097,0.798415,0.923442,4,159.668359,55.405857,3546.680780,5280.553226,4682
100,100MBps,fork_hetero,26,0.001534,40.577298,651.871949,4.362198,0.788628,0.907422,4,155.288165,57.017536,2702.571888,3781.005055,4687
100,100MBps,fork_hetero,27,0.000421,40.557975,2374.712117,3.234994,0.718149,0.751442,4,152.790333,214.015528,7950.911478,2414.105422,4681
100,100MBps,fork_hetero,28,0.000420,40.620938,2378.961198,2.289820,0.843729,0.874927,5,192.572361,44.252230,10941.302485,2925.794300,4690
100,100MBps,fork_hetero,29,0.000410,40.617003,2438.252720,2.984536,0.842905,0.873818,5,203.590440,207.372446,11774.552964,2909.277902,4690
100,100MBps,fork_hetero,30,0.000410,40.617003,2438.252720,2.984536,0.842905,0.873818,5,203.590440,207.372446,11774.552964,2909.277902,4690
100,100MBps,fork_hetero,31,0.001640,40.543539,609.835158,5.202026,0.966224,0.968921,5,137.669668,225.092800,3811.554495,7218.969221,4684
100,100MBps,fork_hetero,32,0.001640,40.543539,609.835158,5.202026,0.966224,0.968921,5,137.669668,225.092800,3811.554495,7218.969221,4684
100,100MBps,fork_hetero,33,0.001402,40.563558,713.364882,4.104053,0.873347,0.975676,5,159.241274,54.163224,3537.136745,5284.693884,4683
100,100MBps,fork_hetero,34,0.001402,40.563558,713.364882,4.104053,0.873347,0.975676,5,159.241274,54.163224,3537.136745,5284.693884,4683
100,100MBps,fork_hetero,35,0.001536,40.559527,650.929109,4.508861,0.865518,0.962861,5,154.840499,55.799733,2693.734674,3785.295562,4687
100,100MBps,fork_hetero,36,0.001536,40.559527,650.929109,4.508861,0.865518,0.962861,5,154.840499,55.799733,2693.734674,3785.295562,4687
100,100MBps,fork_hetero,37,0.000421,40.553100,2374.035745,3.382539,0.809135,0.838077,5,152.299389,213.627676,7937.894190,2445.230430,4684
100,100MBps,fork_hetero,38,0.000421,40.553100,2374.035745,3.382539,0.809135,0.838077,5,152.299389,213.627676,7937.894190,2445.230430,4684
100,100MBps,fork_hetero,39,0.001694,40.534779,590.313854,5.204186,0.938599,0.938970,5,128.099505,219.785629,3029.821375,5769.499055,4684
100,100MBps,fork_hetero,40,0.001694,40.534779,590.313854,5.204186,0.938599,0.938970,5,128.099505,219.785629,3029.821375,5769.499055,4684
100,100MBps,fork_hetero,41,0.001893,40.530272,528.367596,5.603248,0.930769,0.926154,5,123.691758,219.484730,2189.336614,4340.946259,4688
100,100MBps,fork_hetero,42,0.001539,40.553934,649.979296,4.657191,0.916778,0.999820,6,154.353225,54.592042,2683.126563,3788.982447,4690
100,100MBps,fork_hetero,43,0.000421,40.556235,2373.103442,3.532659,0.869792,0.895833,6,151.857958,213.233322,7924.158226,2477.446720,4687
100,100MBps,fork_hetero,44,0.001696,40.534018,589.665645,5.352744,0.977679,0.979911,6,127.686494,219.386435,3022.084045,5772.506472,4685
100,100MBps,fork_hetero,45,0.001696,40.534018,589.665645,5.352744,0.977679,0.979911,6,127.686494,219.386435,3022.084045,5772.506472,4685
100,100MBps,fork_hetero,46,0.001896,40.530602,527.460910,5.753100,0.971154,0.969231,6,123.237367,219.044671,2179.394794,4342.474668,4691
100,100MBps,fork_hetero,47,0.001896,40.530602,527.460910,5.753100,0.971154,0.969231,6,123.237367,219.044671,2179.394794,4342.474668,4691
100,100MBps,fork_hetero,48,0.001899,40.522843,526.482051,5.903271,1.000000,1.000000,7,122.857610,218.739064,2170.741640,4346.521531,4688
1000,1GBps,fork_real,1,0.003194,40.695254,313.043412,1.440060,0.750268,0.986610,2,288.931750,41.415287,2292.244430,406.938523,4685
1000,1GBps,fork_real,2,0.003194,40.695254,313.043412,1.440060,0.750268,0.999665,2,288.931750,41.415287,2292.244430,406.938523,4685
1000,1GBps,fork_real,3,0.003195,40.684797,313.001756,1.590406,0.833512,0.991073,3,287.062200,48.637701,2284.637810,439.729788,4685
1000,1GBps,fork_real,4,0.003195,40.684797,313.001756,1.590406,0.833512,0.999777,3,287.062200,48.637701,2284.637810,439.729788,4685
1000,1GBps,fork_real,5,0.003212,40.631947,311.340684,1.590763,0.833513,0.993026,3,231.009847,32.808009,1826.243686,337.532857,4683
1000,1GBps,fork_real,6,0.003212,40.631947,311.340684,1.590763,0.833513,0.999775,3,231.009847,32.808009,1826.243686,337.532857,4683
1000,1GBps,fork_real,7,0.006282,40.643208,159.174091,2.682045,1.000000,0.991287,3,233.468366,33.497448,937.068756,192.927188,4683
1000,1GBps,fork_real,8,0.006282,40.643208,159.174091,2.682045,1.000000,1.000000,3,233.468366,33.497448,937.068756,192.927188,4683
1000,1GBps,fork_real,9,0.003259,40.594437,306.846224,1.993232,0.833518,0.999769,3,174.172239,20.542798,1355.102341,259.256330,4685
1000,1GBps,fork_real,10,0.003548,40.564010,281.887012,3.810750,0.833555,0.955202,3,132.576810,30.050273,900.012557,139.668788,4683
1000,1GBps,fork_real,11,0.003548,40.564010,281.887012,3.810750,0.833555,0.999723,3,132.576810,30.050273,900.012557,139.668788,4683
1000,1GBps,fork_real,12,0.003212,40.630206,311.333897,1.741109,0.875135,0.994769,4,229.099399,38.904109,1818.216748,367.444067,4685
1000,1GBps,fork_real,13,0.003212,40.630206,311.333897,1.741109,0.875135,0.999831,4,229.099399,38.904109,1818.216748,367.444067,4685
1000,1GBps,fork_real,14,0.006282,40.650135,159.184614,2.833641,1.000000,0.993465,4,231.515760,39.690088,929.256287,210.974042,4686
1000,1GBps,fork_real,15,0.006282,40.650135,159.184614,2.833641,1.000000,1.000000,4,231.515760,39.690088,929.256287,210.974042,4686
1000,1GBps,fork_real,16,0.003259,40.584055,306.856837,2.136943,0.875139,0.999827,4,172.327288,25.251573,1347.736226,283.219008,4686
1000,1GBps,fork_real,17,0.003259,40.584055,306.856837,2.136943,0.875139,0.999827,4,172.327288,25.251573,1347.736226,283.219008,4686
1000,1GBps,fork_real,18,0.006291,40.587087,158.957047,2.836319,1.000000,0.994932,4,175.952744,27.466251,707.001498,181.045736,4690
1000,1GBps,fork_real,19,0.006291,40.587087,158.957047,2.836319,1.000000,1.000000,4,175.952744,27.466251,707.001498,181.045736,4690
1000,1GBps,fork_real,20,0.003547,40.562374,281.897952,3.959332,0.875166,0.966402,4,130.675521,31.147139,891.907496,162.292988,4690
1000,1GBps,fork_real,21,0.006303,40.513230,158.648534,5.058617,1.000000,0.966610,4,88.420208,54.830290,356.874757,266.586126,4685
1000,1GBps,fork_real,22,0.003547,40.562374,281.897952,3.959332,0.875166,0.999792,4,130.675521,31.147139,891.907496,162.292988,4690
1000,1GBps,fork_real,23,0.006303,40.513230,158.648534,5.058617,1.000000,1.000000,4,88.420208,54.830290,356.874757,266.586126,4685
1000,1GBps,fork_real,24,0.003548,40.550745,281.839679,3.960098,0.875166,0.973006,4,121.120925,14.250362,854.031195,205.522716,4685
1000,1GBps,fork_real,25,0.003548,40.550745,281.839679,3.960098,0.875166,0.999792,4,121.120925,14.250362,854.031195,205.522716,4685
1000,1GBps,fork_real,26,0.003548,40.536571,281.813552,4.363139,0.875166,0.999792,4,112.953707,22.364520,821.651089,266.550441,4682
1000,1GBps,fork_real,27,0.006300,40.526920,158.735228,3.234994,1.000000,1.000000,4,120.850706,23.222105,486.599481,175.455804,4681
1000,1GBps,fork_real,28,0.003258,40.594121,306.891053,2.288678,0.900111,0.999861,5,170.351327,29.353254,1339.067404,307.465659,4692
1000,1GBps,fork_real,29,0.006291,40.593439,158.966394,2.983964,1.000000,0.995946,5,174.108859,31.232755,699.625276,190.676819,4691
1000,1GBps,fork_real,30,0.006291,40.593439,158.966394,2.983964,1.000000,1.000000,5,174.108859,31.232755,699.625276,190.676819,4691
1000,1GBps,fork_real,31,0.006304,40.511495,158.641709,5.206667,1.000000,0.973288,5,86.581093,53.913051,349.517619,263.655752,4686
1000,1GBps,fork_real,32,0.006304,40.511495,158.641709,5.206667,1.000000,1.000000,5,86.581093,53.913051,349.517619,263.655752,4686
1000,1GBps,fork_real,33,0.003548,40.544187,281.823281,4.110224,0.900133,0.978405,5,119.283587,14.962256,846.524153,219.190915,4687
1000,1GBps,fork_real,34,0.003548,40.544187,281.823281,4.110224,0.900133,0.999834,5,119.283587,14.962256,846.524153,219.190915,4687
1000,1GBps,fork_real,35,0.003549,40.517505,281.772138,4.509916,0.900133,0.999834,5,111.122840,22.171656,814.327622,276.278539,4682
1000,1GBps,fork_real,36,0.003549,40.517505,281.772138,4.509916,0.900133,0.999834,5,111.122840,22.171656,814.327622,276.278539,4682
1000,1GBps,fork_real,37,0.006298,40.551209,158.780525,3.380955,1.000000,1.000000,5,118.950064,23.699329,478.992821,176.531044,4687
1000,1GBps,fork_real,38,0.006298,40.551209,158.780525,3.380955,1.000000,1.000000,5,118.950064,23.699329,478.992821,176.531044,4687
1000,1GBps,fork_real,39,0.006306,40.484968,158.571112,5.204433,1.000000,0.978571,5,77.004293,35.977234,311.212465,209.708983,4683
1000,1GBps,fork_real,40,0.006306,40.484968,158.571112,5.204433,1.000000,1.000000,5,77.004293,35.977234,311.212465,209.708983,4683
1000,1GBps,fork_real,41,0.006308,40.477213,158.540758,5.603248,1.000000,1.000000,5,68.816915,29.511873,278.459542,193.358697,4688
1000,1GBps,fork_real,42,0.003549,40.512660,281.776563,4.656977,0.916778,0.999861,6,109.253396,21.839330,806.507235,285.743041,4687
1000,1GBps,fork_real,43,0.006299,40.540876,158.756695,3.531017,1.000000,1.000000,6,117.027635,24.067979,471.298345,177.372302,4694
1000,1GBps,fork_real,44,0.006307,40.474428,158.546701,5.351773,1.000000,0.982143,6,75.181735,33.957014,303.922231,204.362265,4683
1000,1GBps,fork_real,45,0.006307,40.474428,158.546701,5.351773,1.000000,1.000000,6,75.181735,33.957014,303.922231,204.362265,4683
1000,1GBps,fork_real,46,0.006308,40.476158,158.535270,5.753100,1.000000,1.000000,6,66.956864,26.433191,271.017298,186.183441,4691
1000,1GBps,fork_real,47,0.006308,40.476158,158.535270,5.753100,1.000000,1.000000,6,66.956864,26.433191,271.017298,186.183441,4691
1000,1GBps,fork_real,48,0.006309,40.467024,158.513576,5.903271,1.000000,1.000000,7,65.105087,22.807917,263.612231,178.522813,4688
1000,1GBps,fork_homo,1,0.006281,40.695254,159.199824,1.440060,1.000000,1.000000,2,288.931750,41.415287,1155.727001,165.661147,4685
1000,1GBps,fork_homo,2,0.006281,40.695254,159.199824,1.440060,1.000000,1.000000,2,288.931750,41.415287,1155.727001,165.661147,4685
1000,1GBps,fork_homo,3,0.006282,40.684797,159.175554,1.590406,1.000000,1.000000,3,287.062200,48.637701,1148.248801,194.550804,4685
1000,1GBps,fork_homo,4,0.006282,40.684797,159.175554,1.590406,1.000000,1.000000,3,287.062200,48.637701,1148.248801,194.550804,4685
1000,1GBps,fork_homo,5,0.006291,40.631947,158.966966,1.590763,1.000000,1.000000,3,231.009847,32.808009,924.039387,131.232038,4683
1000,1GBps,fork_homo,6,0.006291,40.631947,158.966966,1.590763,1.000000,1.000000,3,231.009847,32.808009,924.039387,131.232038,4683
1000,1GBps,fork_homo,7,0.006290,40.643208,158.993818,2.682045,1.000000,1.000000,3,233.468366,33.497448,933.873465,133.989791,4683
1000,1GBps,fork_homo,8,0.006290,40.643208,158.993818,2.682045,1.000000,1.000000,3,233.468366,33.497448,933.873465,133.989791,4683
1000,1GBps,fork_homo,9,0.006298,40.594437,158.787921,1.993232,1.000000,1.000000,3,174.172239,20.542798,696.688957,82.171191,4685
1000,1GBps,fork_homo,10,0.006303,40.564010,158.650663,3.810750,1.000000,1.000000,3,132.576810,30.050273,530.307238,120.201092,4683
1000,1GBps,fork_homo,11,0.006303,40.564010,158.650663,3.810750,1.000000,1.000000,3,132.576810,30.050273,530.307238,120.201092,4683
1000,1GBps,fork_homo,12,0.006291,40.630206,158.960178,1.741109,1.000000,1.000000,4,229.099399,38.904109,916.397595,155.616435,4685
1000,1GBps,fork_homo,13,0.006291,40.630206,158.960178,1.741109,1.000000,1.000000,4,229.099399,38.904109,916.397595,155.616435,4685
1000,1GBps,fork_homo,14,0.006289,40.650135,159.004341,2.833641,1.000000,1.000000,4,231.515760,39.690088,926.063042,158.760354,4686
1000,1GBps,fork_homo,15,0.006289,40.650135,159.004341,2.833641,1.000000,1.000000,4,231.515760,39.690088,926.063042,158.760354,4686
1000,1GBps,fork_homo,16,0.006299,40.584055,158.763848,2.136943,1.000000,1.000000,4,172.327288,25.251573,689.309151,101.006292,4686
1000,1GBps,fork_homo,17,0.006299,40.584055,158.763848,2.136943,1.000000,1.000000,4,172.327288,25.251573,689.309151,101.006292,4686
1000,1GBps,fork_homo,18,0.006298,40.587087,158.776774,2.836319,1.000000,1.000000,4,175.952744,27.466251,703.810976,109.865005,4690
1000,1GBps,fork_homo,19,0.006298,40.587087,158.776774,2.836319,1.000000,1.000000,4,175.952744,27.466251,703.810976,109.865005,4690
1000,1GBps,fork_homo,20,0.006303,40.562374,158.644275,3.959332,1.000000,1.000000,4,130.675521,31.147139,522.702085,124.588554,4690
1000,1GBps,fork_homo,21,0.006310,40.513230,158.468261,5.058617,1.000000,1.000000,4,88.420208,54.830290,353.680830,219.321162,4685
1000,1GBps,fork_homo,22,0.006303,40.562374,158.644275,3.959332,1.000000,1.000000,4,130.675521,31.147139,522.702085,124.588554,4690
1000,1GBps,fork_homo,23,0.006310,40.513230,158.468261,5.058617,1.000000,1.000000,4,88.420208,54.830290,353.680830,219.321162,4685
1000,1GBps,fork_homo,24,0.006305,40.550745,158.603329,3.960098,1.000000,1.000000,4,121.120925,14.250362,484.483701,57.001449,4685
1000,1GBps,fork_homo,25,0.006305,40.550745,158.603329,3.960098,1.000000,1.000000,4,121.120925,14.250362,484.483701,57.001449,4685
1000,1GBps,fork_homo,26,0.006307,40.536571,158.559875,4.363139,1.000000,1.000000,4,112.953707,22.364520,451.814827,89.458082,4682
1000,1GBps,fork_homo,27,0.006307,40.526920,158.554956,3.234994,1.000000,1.000000,4,120.850706,23.222105,483.402824,92.888419,4681
1000,1GBps,fork_homo,28,0.006298,40.594121,158.780722,2.288678,1.000000,1.000000,5,170.351327,29.353254,681.405306,117.413016,4692
1000,1GBps,fork_homo,29,0.006298,40.593439,158.786122,2.983964,1.000000,1.000000,5,174.108859,31.232755,696.435434,124.931019,4691
1000,1GBps,fork_homo,30,0.006298,40.593439,158.786122,2.983964,1.000000,1.000000,5,174.108859,31.232755,696.435434,124.931019,4691
1000,1GBps,fork_homo,31,0.006311,40.511495,158.461436,5.206667,1.000000,1.000000,5,86.581093,53.913051,346.324373,215.652204,4686
1000,1GBps,fork_homo,32,0.006311,40.511495,158.461436,5.206667,1.000000,1.000000,5,86.581093,53.913051,346.324373,215.652204,4686
1000,1GBps,fork_homo,33,0.006306,40.544187,158.586932,4.110224,1.000000,1.000000,5,119.283587,14.962256,477.134350,59.849025,4687
1000,1GBps,fork_homo,34,0.006306,40.544187,158.586932,4.110224,1.000000,1.000000,5,119.283587,14.962256,477.134350,59.849025,4687
1000,1GBps,fork_homo,35,0.006308,40.517505,158.518461,4.509916,1.000000,1.000000,5,111.122840,22.171656,444.491360,88.686625,4682
1000,1GBps,fork_homo,36,0.006308,40.517505,158.518461,4.509916,1.000000,1.000000,5,111.122840,22.171656,444.491360,88.686625,4682
1000,1GBps,fork_homo,37,0.006305,40.551209,158.600252,3.380955,1.000000,1.000000,5,118.950064,23.699329,475.800257,94.797318,4687
1000,1GBps,fork_homo,38,0.006305,40.551209,158.600252,3.380955,1.000000,1.000000,5,118.950064,23.699329,475.800257,94.797318,4687
1000,1GBps,fork_homo,39,0.006313,40.484968,158.390840,5.204433,1.000000,1.000000,5,77.004293,35.977234,308.017174,143.908934,4683
1000,1GBps,fork_homo,40,0.006313,40.484968,158.390840,5.204433,1.000000,1.000000,5,77.004293,35.977234,308.017174,143.908934,4683
1000,1GBps,fork_homo,41,0.006315,40.477213,158.360485,5.603248,1.000000,1.000000,5,68.816915,29.511873,275.267659,118.047492,4688
1000,1GBps,fork_homo,42,0.006309,40.512660,158.505559,4.656977,1.000000,1.000000,6,109.253396,21.839330,437.013582,87.357322,4687
1000,1GBps,fork_homo,43,0.006306,40.540876,158.576422,3.531017,1.000000,1.000000,6,117.027635,24.067979,468.110541,96.271915,4694
1000,1GBps,fork_homo,44,0.006314,40.474428,158.366428,5.351773,1.000000,1.000000,6,75.181735,33.957014,300.726939,135.828054,4683
1000,1GBps,fork_homo,45,0.006314,40.474428,158.366428,5.351773,1.000000,1.000000,6,75.181735,33.957014,300.726939,135.828054,4683
1000,1GBps,fork_homo,46,0.006315,40.476158,158.354997,5.753100,1.000000,1.000000,6,66.956864,26.433191,267.827456,105.732763,4691
1000,1GBps,fork_homo,47,0.006315,40.476158,158.354997,5.753100,1.000000,1.000000,6,66.956864,26.433191,267.827456,105.732763,4691
1000,1GBps,fork_homo,48,0.006316,40.467024,158.333303,5.903271,1.000000,1.000000,7,65.105087,22.807917,260.420348,91.231670,4688
1000,1GBps,fork_hetero,1,0.000405,40.695254,2466.853644,1.440060,0.519878,0.590707,2,288.931750,41.415287,18203.488442,3850.685958,4685
1000,1GBps,fork_hetero,2,0.000405,40.695254,2466.853644,1.440060,0.519878,0.590707,2,288.931750,41.415287,18203.488442,3850.685958,4685
1000,1GBps,fork_hetero,3,0.000406,40.684797,2465.640749,1.590406,0.737611,0.788676,3,287.062200,48.637701,18192.044953,3900.895232,4685
1000,1GBps,fork_hetero,4,0.000406,40.684797,2465.640749,1.590406,0.737611,0.788676,3,287.062200,48.637701,18192.044953,3900.895232,4685
1000,1GBps,fork_hetero,5,0.000409,40.631947,2443.644912,1.590763,0.680451,0.728041,3,231.009847,32.808009,14455.064014,3324.751498,4683
1000,1GBps,fork_hetero,6,0.000409,40.631947,2443.644912,1.590763,0.680451,0.728041,3,231.009847,32.808009,14455.064014,3324.751498,4683
1000,1GBps,fork_hetero,7,0.000406,40.643208,2461.553842,2.682045,0.679950,0.727252,3,233.468366,33.497448,14610.815723,3081.938840,4683
1000,1GBps,fork_hetero,8,0.000406,40.643208,2461.553842,2.682045,0.679950,0.727252,3,233.468366,33.497448,14610.815723,3081.938840,4683
1000,1GBps,fork_hetero,9,0.000420,40.594437,2379.662470,1.993232,0.624164,0.668468,3,174.172239,20.542798,10572.889708,2945.320739,4685
1000,1GBps,fork_hetero,10,0.001364,40.564010,733.281165,3.810750,0.719570,0.886303,3,132.576810,30.050273,3025.690656,4353.978581,4683
1000,1GBps,fork_hetero,11,0.001364,40.564010,733.281165,3.810750,0.719570,0.886303,3,132.576810,30.050273,3025.690656,4353.978581,4683
1000,1GBps,fork_hetero,12,0.000409,40.630206,2442.710294,1.741109,0.803608,0.842185,4,229.099399,38.904109,14439.606917,3376.271718,4685
1000,1GBps,fork_hetero,13,0.000409,40.630206,2442.710294,1.741109,0.803608,0.842185,4,229.099399,38.904109,14439.606917,3376.271718,4685
1000,1GBps,fork_hetero,14,0.000406,40.650135,2460.636534,2.833641,0.803232,0.841593,4,231.515760,39.690088,14592.210702,3145.067900,4686
1000,1GBps,fork_hetero,15,0.000406,40.650135,2460.636534,2.833641,0.803232,0.841593,4,231.515760,39.690088,14592.210702,3145.067900,4686
1000,1GBps,fork_hetero,16,0.000420,40.584055,2379.217860,2.136943,0.761392,0.797505,4,172.327288,25.251573,10563.649419,2975.102262,4686
1000,1GBps,fork_hetero,17,0.000420,40.584055,2379.217860,2.136943,0.761392,0.797505,4,172.327288,25.251573,10563.649419,2975.102262,4686
1000,1GBps,fork_hetero,18,0.000410,40.587087,2438.083556,2.836319,0.760363,0.796118,4,175.952744,27.466251,10884.042516,2513.163995,4690
1000,1GBps,fork_hetero,19,0.000410,40.587087,2438.083556,2.836319,0.760363,0.796118,4,175.952744,27.466251,10884.042516,2513.163995,4690
1000,1GBps,fork_hetero,20,0.001366,40.562374,732.106087,3.959332,0.832947,0.960881,4,130.675521,31.147139,3013.417798,4359.149817,4690
1000,1GBps,fork_hetero,21,0.001642,40.513230,609.003600,5.058617,0.914511,0.914998,4,88.420208,54.830290,2479.054539,4617.398673,4685
1000,1GBps,fork_hetero,22,0.001366,40.562374,732.106087,3.959332,0.832947,0.960881,4,130.675521,31.147139,3013.417798,4359.149817,4690
1000,1GBps,fork_hetero,23,0.001642,40.513230,609.003600,5.058617,0.914511,0.914998,4,88.420208,54.830290,2479.054539,4617.398673,4685
1000,1GBps,fork_hetero,24,0.001402,40.550745,713.356771,3.960098,0.798415,0.923442,4,121.120925,14.250362,2253.333356,2838.754758,4685
1000,1GBps,fork_hetero,25,0.001402,40.550745,713.356771,3.960098,0.798415,0.923442,4,121.120925,14.250362,2253.333356,2838.754758,4685
1000,1GBps,fork_hetero,26,0.001537,40.536571,650.465140,4.363139,0.788628,0.907422,4,112.953707,22.364520,1479.903689,1325.567958,4682
1000,1GBps,fork_hetero,27,0.000421,40.526920,2373.931325,3.234994,0.718149,0.751442,4,120.850706,23.222105,7116.909563,1933.427190,4681
1000,1GBps,fork_hetero,28,0.000420,40.594121,2378.601336,2.288678,0.843729,0.874927,5,170.351327,29.353254,10542.297346,3024.494432,4692
1000,1GBps,fork_hetero,29,0.000410,40.593439,2437.698544,2.983964,0.842905,0.873818,5,174.108859,31.232755,10874.867009,2548.706035,4691
1000,1GBps,fork_hetero,30,0.000410,40.593439,2437.698544,2.983964,0.842905,0.873818,5,174.108859,31.232755,10874.867009,2548.706035,4691
1000,1GBps,fork_hetero,31,0.001643,40.511495,608.615539,5.206667,0.966224,0.968921,5,86.581093,53.913051,2471.708120,4621.607184,4686
1000,1GBps,fork_hetero,32,0.001643,40.511495,608.615539,5.206667,0.966224,0.968921,5,86.581093,53.913051,2471.708120,4621.607184,4686
1000,1GBps,fork_hetero,33,0.001405,40.544187,711.903420,4.110224,0.873347,0.975676,5,119.283587,14.962256,2241.553497,2844.449659,4687
1000,1GBps,fork_hetero,34,0.001405,40.544187,711.903420,4.110224,0.873347,0.975676,5,119.283587,14.962256,2241.553497,2844.449659,4687
1000,1GBps,fork_hetero,35,0.001540,40.517505,649.495931,4.509916,0.865518,0.962861,5,111.122840,22.171656,1470.578373,1333.083725,4682
1000,1GBps,fork_hetero,36,0.001540,40.517505,649.495931,4.509916,0.865518,0.962861,5,111.122840,22.171656,1470.578373,1333.083725,4682
1000,1GBps,fork_hetero,37,0.000421,40.551209,2374.374403,3.380955,0.809135,0.838077,5,118.950064,23.699329,7102.716371,1969.503106,4687
1000,1GBps,fork_hetero,38,0.000421,40.551209,2374.374403,3.380955,0.809135,0.838077,5,118.950064,23.699329,7102.716371,1969.503106,4687
1000,1GBps,fork_hetero,39,0.001698,40.484968,589.062783,5.204433,0.938599,0.938970,5,77.004293,35.977234,1709.347119,3096.200142,4683
1000,1GBps,fork_hetero,40,0.001698,40.484968,589.062783,5.204433,0.938599,0.938970,5,77.004293,35.977234,1709.347119,3096.200142,4683
1000,1GBps,fork_hetero,41,0.001897,40.477213,527.193786,5.603248,0.930769,0.926154,5,68.816915,29.511873,937.405504,1561.907351,4688
1000,1GBps,fork_hetero,42,0.001542,40.512660,648.599217,4.656977,0.916778,0.999820,6,109.253396,21.839330,1460.842481,1340.575590,4687
1000,1GBps,fork_hetero,43,0.000421,40.540876,2373.149721,3.531017,0.869792,0.895833,6,117.027635,24.067979,7082.191006,2019.506389,4694
1000,1GBps,fork_hetero,44,0.001700,40.474428,588.136778,5.351773,0.977679,0.979911,6,75.181735,33.957014,1700.110259,3100.069712,4683
1000,1GBps,fork_hetero,45,0.001700,40.474428,588.136778,5.351773,0.977679,0.979911,6,75.181735,33.957014,1700.110259,3100.069712,4683
1000,1GBps,fork_hetero,46,0.001900,40.476158,526.286438,5.753100,0.971154,0.969231,6,66.956864,26.433191,927.560029,1564.680116,4691
1000,1GBps,fork_hetero,47,0.001900,40.476158,526.286438,5.753100,0.971154,0.969231,6,66.956864,26.433191,927.560029,1564.680116,4691
1000,1GBps,fork_hetero,48,0.001904,40.467024,525.307229,5.903271,1.000000,1.000000,7,65.105087,22.807917,917.732227,1567.700304,4688
10000,10GBps,fork_real,1,0.003195,40.693908,313.035527,1.440060,0.750268,0.986610,2,287.528394,43.858169,2283.829352,417.757315,4685
10000,10GBps,fork_real,2,0.003195,40.693908,313.035527,1.440060,0.750268,0.999665,2,287.528394,43.858169,2283.829352,417.757315,4685
10000,10GBps,fork_real,3,0.003195,40.683312,312.993330,1.590406,0.833512,0.991073,3,285.514544,52.049146,2275.645851,453.554637,4685
10000,10GBps,fork_real,4,0.003195,40.683312,312.993330,1.590406,0.833512,0.999777,3,285.514544,52.049146,2275.645851,453.554637,4685
10000,10GBps,fork_real,5,0.003212,40.630460,311.332365,1.590763,0.833513,0.993026,3,229.461010,35.499829,1817.361076,349.986657,4683
10000,10GBps,fork_real,6,0.003212,40.630460,311.332365,1.590763,0.833513,0.999775,3,229.461010,35.499829,1817.361076,349.986657,4683
10000,10GBps,fork_real,7,0.006283,40.640616,159.161668,2.682045,1.000000,0.991287,3,230.808079,32.279740,923.805530,128.126053,4683
10000,10GBps,fork_real,8,0.006283,40.640616,159.161668,2.682045,1.000000,1.000000,3,230.808079,32.279740,923.805530,128.126053,4683
10000,10GBps,fork_real,9,0.003259,40.592576,306.836991,1.993232,0.833518,0.999769,3,172.236434,23.130645,1345.248548,275.443485,4685
10000,10GBps,fork_real,10,0.003548,40.560455,281.868803,3.810750,0.833555,0.955202,3,128.868187,27.020981,880.571403,150.413758,4683
10000,10GBps,fork_real,11,0.003548,40.560455,281.868803,3.810750,0.833555,0.999723,3,128.868187,27.020981,880.571403,150.413758,4683
10000,10GBps,fork_real,12,0.003212,40.628582,311.325036,1.741109,0.875135,0.994769,4,227.406845,42.603838,1808.760415,382.686284,4685
10000,10GBps,fork_real,13,0.003212,40.628582,311.325036,1.741109,0.875135,0.999831,4,227.406845,42.603838,1808.760415,382.686284,4685
10000,10GBps,fork_real,14,0.006283,40.647401,159.171644,2.833641,1.000000,0.993465,4,228.711115,40.116672,915.417306,159.699446,4686
10000,10GBps,fork_real,15,0.006283,40.647401,159.171644,2.833641,1.000000,1.000000,4,228.711115,40.116672,915.417306,159.699446,4686
10000,10GBps,fork_real,16,0.003259,40.582070,306.847093,2.136943,0.875139,0.999827,4,170.255776,29.130471,1337.339564,301.857253,4686
10000,10GBps,fork_real,17,0.003259,40.582070,306.847093,2.136943,0.875139,0.999827,4,170.255776,29.130471,1337.339564,301.857253,4686
10000,10GBps,fork_real,18,0.006292,40.584348,158.944066,2.836319,1.000000,0.994932,4,173.147513,23.661445,693.162410,94.693508,4690
10000,10GBps,fork_real,19,0.006292,40.584348,158.944066,2.836319,1.000000,1.000000,4,173.147513,23.661445,693.162410,94.693508,4690
10000,10GBps,fork_real,20,0.003548,40.558684,281.879210,3.959332,0.875166,0.966402,4,126.830239,29.622844,871.925931,176.230274,4690
10000,10GBps,fork_real,21,0.006304,40.508418,158.627452,5.058617,1.000000,0.966610,4,83.450772,47.658914,334.376056,191.734803,4685
10000,10GBps,fork_real,22,0.003548,40.558684,281.879210,3.959332,0.875166,0.999792,4,126.830239,29.622844,871.925931,176.230274,4690
10000,10GBps,fork_real,23,0.006304,40.508418,158.627452,5.058617,1.000000,1.000000,4,83.450772,47.658914,334.376056,191.734803,4685
10000,10GBps,fork_real,24,0.003548,40.547054,281.820934,3.960098,0.875166,0.973006,4,117.270897,13.443599,834.026385,218.522486,4685
10000,10GBps,fork_real,25,0.003548,40.547054,281.820934,3.960098,0.875166,0.999792,4,117.270897,13.443599,834.026385,218.522486,4685
10000,10GBps,fork_real,26,0.003549,40.532505,281.793354,4.363139,0.875166,0.999792,4,108.713354,23.941563,800.081384,280.954140,4682
10000,10GBps,fork_real,27,0.006300,40.523814,158.720812,3.234994,1.000000,1.000000,4,117.656743,12.321375,471.200431,51.891634,4681
10000,10GBps,fork_real,28,0.003259,40.591994,306.880760,2.288678,0.900111,0.999861,5,168.136156,34.220356,1328.098556,328.213873,4692
10000,10GBps,fork_real,29,0.006291,40.590566,158.952883,2.983964,1.000000,0.995946,5,171.162964,29.614569,685.224092,118.534744,4691
10000,10GBps,fork_real,30,0.006291,40.590566,158.952883,2.983964,1.000000,1.000000,5,171.162964,29.614569,685.224092,118.534744,4691
10000,10GBps,fork_real,31,0.006304,40.506548,158.620094,5.206667,1.000000,0.973288,5,81.470529,47.273041,326.454963,190.223852,4686
10000,10GBps,fork_real,32,0.006304,40.506548,158.620094,5.206667,1.000000,1.000000,5,81.470529,47.273041,326.454963,190.223852,4686
10000,10GBps,fork_real,33,0.003549,40.540358,281.803996,4.110224,0.900133,0.978405,5,115.291064,16.678201,825.951327,234.792749,4687
10000,10GBps,fork_real,34,0.003549,40.540358,281.803996,4.110224,0.900133,0.999834,5,115.291064,16.678201,825.951327,234.792749,4687
10000,10GBps,fork_real,35,0.003549,40.513310,281.751416,4.509916,0.900133,0.999834,5,106.742570,25.250140,792.198247,292.787775,4682
10000,10GBps,fork_real,36,0.003549,40.513310,281.751416,4.509916,0.900133,0.999834,5,106.742570,25.250140,792.198247,292.787775,4682
10000,10GBps,fork_real,37,0.006299,40.547974,158.765585,3.380955,1.000000,1.000000,5,115.620630,15.909299,463.055245,65.744716,4687
10000,10GBps,fork_real,38,0.006299,40.547974,158.765585,3.380955,1.000000,1.000000,5,115.620630,15.909299,463.055245,65.744716,4687
10000,10GBps,fork_real,39,0.006307,40.480028,158.549511,5.204433,1.000000,0.978571,5,71.893895,25.837479,288.148793,105.615685,4683
10000,10GBps,fork_real,40,0.006307,40.480028,158.549511,5.204433,1.000000,1.000000,5,71.893895,25.837479,288.148793,105.615685,4683
10000,10GBps,fork_real,41,0.006308,40.471907,158.517722,5.603248,1.000000,1.000000,5,63.329430,16.867142,253.890323,71.163273,4688
10000,10GBps,fork_real,42,0.003549,40.508332,281.755313,4.656977,0.916778,0.999861,6,104.736946,26.345122,783.837410,304.141194,4687
10000,10GBps,fork_real,43,0.006300,40.537503,158.741216,3.531017,1.000000,1.000000,6,113.559602,18.680089,454.810278,76.582188,4694
10000,10GBps,fork_real,44,0.006308,40.469355,158.524570,5.351773,1.000000,0.982143,6,69.930089,24.194690,280.293568,99.240134,4683
10000,10GBps,fork_real,45,0.006308,40.469355,158.524570,5.351773,1.000000,1.000000,6,69.930089,24.194690,280.293568,99.240134,4683
10000,10GBps,fork_real,46,0.006309,40.470714,158.511693,5.753100,1.000000,1.000000,6,61.328814,12.946632,245.887490,56.594005,4691
10000,10GBps,fork_real,47,0.006309,40.470714,158.511693,5.753100,1.000000,1.000000,6,61.328814,12.946632,245.887490,56.594005,4691
10000,10GBps,fork_real,48,0.006310,40.461443,158.489460,5.903271,1.000000,1.000000,7,59.329835,6.550964,237.891940,34.887981,4688
10000,10GBps,fork_homo,1,0.006282,40.693908,159.194564,1.440060,1.000000,1.000000,2,287.528394,43.858169,1150.113575,175.432676,4685
10000,10GBps,fork_homo,2,0.006282,40.693908,159.194564,1.440060,1.000000,1.000000,2,287.528394,43.858169,1150.113575,175.432676,4685
10000,10GBps,fork_homo,3,0.006283,40.683312,159.169754,1.590406,1.000000,1.000000,3,285.514544,52.049146,1142.058178,208.196586,4685
10000,10GBps,fork_homo,4,0.006283,40.683312,159.169754,1.590406,1.000000,1.000000,3,285.514544,52.049146,1142.058178,208.196586,4685
10000,10GBps,fork_homo,5,0.006291,40.630460,158.961163,1.590763,1.000000,1.000000,3,229.461010,35.499829,917.844041,141.999318,4683
10000,10GBps,fork_homo,6,0.006291,40.630460,158.961163,1.590763,1.000000,1.000000,3,229.461010,35.499829,917.844041,141.999318,4683
10000,10GBps,fork_homo,7,0.006290,40.640616,158.983852,2.682045,1.000000,1.000000,3,230.808079,32.279740,923.232318,129.118961,4683
10000,10GBps,fork_homo,8,0.006290,40.640616,158.983852,2.682045,1.000000,1.000000,3,230.808079,32.279740,923.232318,129.118961,4683
10000,10GBps,fork_homo,9,0.006298,40.592576,158.780665,1.993232,1.000000,1.000000,3,172.236434,23.130645,688.945737,92.522581,4685
10000,10GBps,fork_homo,10,0.006304,40.560455,158.636769,3.810750,1.000000,1.000000,3,128.868187,27.020981,515.472748,108.083923,4683
10000,10GBps,fork_homo,11,0.006304,40.560455,158.636769,3.810750,1.000000,1.000000,3,128.868187,27.020981,515.472748,108.083923,4683
10000,10GBps,fork_homo,12,0.006291,40.628582,158.953835,1.741109,1.000000,1.000000,4,227.406845,42.603838,909.627380,170.415351,4685
10000,10GBps,fork_homo,13,0.006291,40.628582,158.953835,1.741109,1.000000,1.000000,4,227.406845,42.603838,909.627380,170.415351,4685
10000,10GBps,fork_homo,14,0.006290,40.647401,158.993827,2.833641,1.000000,1.000000,4,228.711115,40.116672,914.844460,160.466687,4686
10000,10GBps,fork_homo,15,0.006290,40.647401,158.993827,2.833641,1.000000,1.000000,4,228.711115,40.116672,914.844460,160.466687,4686
10000,10GBps,fork_homo,16,0.006299,40.582070,158.756082,2.136943,1.000000,1.000000,4,170.255776,29.130471,681.023105,116.521886,4686
10000,10GBps,fork_homo,17,0.006299,40.582070,158.756082,2.136943,1.000000,1.000000,4,170.255776,29.130471,681.023105,116.521886,4686
10000,10GBps,fork_homo,18,0.006299,40.584348,158.766249,2.836319,1.000000,1.000000,4,173.147513,23.661445,692.590053,94.645779,4690
10000,10GBps,fork_homo,19,0.006299,40.584348,158.766249,2.836319,1.000000,1.000000,4,173.147513,23.661445,692.590053,94.645779,4690
10000,10GBps,fork_homo,20,0.006304,40.558684,158.629848,3.959332,1.000000,1.000000,4,126.830239,29.622844,507.320955,118.491378,4690
10000,10GBps,fork_homo,21,0.006311,40.508418,158.449635,5.058617,1.000000,1.000000,4,83.450772,47.658914,333.803088,190.635657,4685
10000,10GBps,fork_homo,22,0.006304,40.558684,158.629848,3.959332,1.000000,1.000000,4,126.830239,29.622844,507.320955,118.491378,4690
10000,10GBps,fork_homo,23,0.006311,40.508418,158.449635,5.058617,1.000000,1.000000,4,83.450772,47.658914,333.803088,190.635657,4685
10000,10GBps,fork_homo,24,0.006306,40.547054,158.588900,3.960098,1.000000,1.000000,4,117.270897,13.443599,469.083589,53.774395,4685
10000,10GBps,fork_homo,25,0.006306,40.547054,158.588900,3.960098,1.000000,1.000000,4,117.270897,13.443599,469.083589,53.774395,4685
10000,10GBps,fork_homo,26,0.006307,40.532505,158.543992,4.363139,1.000000,1.000000,4,108.713354,23.941563,434.853418,95.766252,4682
10000,10GBps,fork_homo,27,0.006307,40.523814,158.542995,3.234994,1.000000,1.000000,4,117.656743,12.321375,470.626973,49.285502,4681
10000,10GBps,fork_homo,28,0.006298,40.591994,158.772407,2.288678,1.000000,1.000000,5,168.136156,34.220356,672.544623,136.881425,4692
10000,10GBps,fork_homo,29,0.006298,40.590566,158.775066,2.983964,1.000000,1.000000,5,171.162964,29.614569,684.651857,118.458277,4691
10000,10GBps,fork_homo,30,0.006298,40.590566,158.775066,2.983964,1.000000,1.000000,5,171.162964,29.614569,684.651857,118.458277,4691
10000,10GBps,fork_homo,31,0.006311,40.506548,158.442278,5.206667,1.000000,1.000000,5,81.470529,47.273041,325.882117,189.092162,4686
10000,10GBps,fork_homo,32,0.006311,40.506548,158.442278,5.206667,1.000000,1.000000,5,81.470529,47.273041,325.882117,189.092162,4686
10000,10GBps,fork_homo,33,0.006306,40.540358,158.571961,4.110224,1.000000,1.000000,5,115.291064,16.678201,461.164256,66.712803,4687
10000,10GBps,fork_homo,34,0.006306,40.540358,158.571961,4.110224,1.000000,1.000000,5,115.291064,16.678201,461.164256,66.712803,4687
10000,10GBps,fork_homo,35,0.006309,40.513310,158.502054,4.509916,1.000000,1.000000,5,106.742570,25.250140,426.970281,101.000559,4682
10000,10GBps,fork_homo,36,0.006309,40.513310,158.502054,4.509916,1.000000,1.000000,5,106.742570,25.250140,426.970281,101.000559,4682
10000,10GBps,fork_homo,37,0.006306,40.547974,158.587768,3.380955,1.000000,1.000000,5,115.620630,15.909299,462.482522,63.637198,4687
10000,10GBps,fork_homo,38,0.006306,40.547974,158.587768,3.380955,1.000000,1.000000,5,115.620630,15.909299,462.482522,63.637198,4687
10000,10GBps,fork_homo,39,0.006314,40.480028,158.371694,5.204433,1.000000,1.000000,5,71.893895,25.837479,287.575580,103.349914,4683
10000,10GBps,fork_homo,40,0.006314,40.480028,158.371694,5.204433,1.000000,1.000000,5,71.893895,25.837479,287.575580,103.349914,4683
10000,10GBps,fork_homo,41,0.006316,40.471907,158.339905,5.603248,1.000000,1.000000,5,63.329430,16.867142,253.317722,67.468568,4688
10000,10GBps,fork_homo,42,0.006310,40.508332,158.488624,4.656977,1.000000,1.000000,6,104.736946,26.345122,418.947785,105.380489,4687
10000,10GBps,fork_homo,43,0.006307,40.537503,158.563399,3.531017,1.000000,1.000000,6,113.559602,18.680089,454.238408,74.720357,4694
10000,10GBps,fork_homo,44,0.006315,40.469355,158.346754,5.351773,1.000000,1.000000,6,69.930089,24.194690,279.720356,96.778762,4683
10000,10GBps,fork_homo,45,0.006315,40.469355,158.346754,5.351773,1.000000,1.000000,6,69.930089,24.194690,279.720356,96.778762,4683
10000,10GBps,fork_homo,46,0.006316,40.470714,158.333876,5.753100,1.000000,1.000000,6,61.328814,12.946632,245.315255,51.786527,4691
10000,10GBps,fork_homo,47,0.006316,40.470714,158.333876,5.753100,1.000000,1.000000,6,61.328814,12.946632,245.315255,51.786527,4691
10000,10GBps,fork_homo,48,0.006317,40.461443,158.311643,5.903271,1.000000,1.000000,7,59.329835,6.550964,237.319339,26.203855,4688
10000,10GBps,fork_hetero,1,0.000405,40.693908,2466.809007,1.440060,0.519878,0.590707,2,287.528394,43.858169,18155.850232,3853.865720,4685
10000,10GBps,fork_hetero,2,0.000405,40.693908,2466.809007,1.440060,0.519878,0.590707,2,287.528394,43.858169,18155.850232,3853.865720,4685
10000,10GBps,fork_hetero,3,0.000406,40.683312,2465.596063,1.590406,0.737611,0.788676,3,285.514544,52.049146,18144.355402,3904.312863,4685
10000,10GBps,fork_hetero,4,0.000406,40.683312,2465.596063,1.590406,0.737611,0.788676,3,285.514544,52.049146,18144.355402,3904.312863,4685
10000,10GBps,fork_hetero,5,0.000409,40.630460,2443.601845,1.590763,0.680451,0.728041,3,229.461010,35.499829,14409.081033,3327.117115,4683
10000,10GBps,fork_hetero,6,0.000409,40.630460,2443.601845,1.590763,0.680451,0.728041,3,229.461010,35.499829,14409.081033,3327.117115,4683
10000,10GBps,fork_hetero,7,0.000406,40.640616,2461.468023,2.682045,0.679950,0.727252,3,230.808079,32.279740,14519.187914,3095.815588,4683
10000,10GBps,fork_hetero,8,0.000406,40.640616,2461.468023,2.682045,0.679950,0.727252,3,230.808079,32.279740,14519.187914,3095.815588,4683
10000,10GBps,fork_hetero,9,0.000420,40.592576,2379.625550,1.993232,0.624164,0.668468,3,172.236434,23.130645,10533.487904,2954.614889,4685
10000,10GBps,fork_hetero,10,0.001364,40.560455,733.158529,3.810750,0.719570,0.886303,3,128.868187,27.020981,2894.753563,4112.643175,4683
10000,10GBps,fork_hetero,11,0.001364,40.560455,733.158529,3.810750,0.719570,0.886303,3,128.868187,27.020981,2894.753563,4112.643175,4683
10000,10GBps,fork_hetero,12,0.000409,40.628582,2442.667174,1.741109,0.803608,0.842185,4,227.406845,42.603838,14393.587159,3378.823782,4685
10000,10GBps,fork_hetero,13,0.000409,40.628582,2442.667174,1.741109,0.803608,0.842185,4,227.406845,42.603838,14393.587159,3378.823782,4685
10000,10GBps,fork_hetero,14,0.000406,40.647401,2460.550656,2.833641,0.803232,0.841593,4,228.711115,40.116672,14500.578305,3158.616284,4686
10000,10GBps,fork_hetero,15,0.000406,40.647401,2460.550656,2.833641,0.803232,0.841593,4,228.711115,40.116672,14500.578305,3158.616284,4686
10000,10GBps,fork_hetero,16,0.000420,40.582070,2379.180918,2.136943,0.761392,0.797505,4,170.255776,29.130471,10524.232420,2984.469074,4686
10000,10GBps,fork_hetero,17,0.000420,40.582070,2379.180918,2.136943,0.761392,0.797505,4,170.255776,29.130471,10524.232420,2984.469074,4686
10000,10GBps,fork_hetero,18,0.000410,40.584348,2437.999313,2.836319,0.760363,0.796118,4,173.147513,23.661445,10794.230691,2521.841759,4690
10000,10GBps,fork_hetero,19,0.000410,40.584348,2437.999313,2.836319,0.760363,0.796118,4,173.147513,23.661445,10794.230691,2521.841759,4690
10000,10GBps,fork_hetero,20,0.001366,40.558684,731.983465,3.959332,0.832947,0.960881,4,126.830239,29.622844,2882.691460,4118.352200,4690
10000,10GBps,fork_hetero,21,0.001642,40.508418,608.878333,5.058617,0.914511,0.914998,4,83.450772,47.658914,2345.364579,4374.116986,4685
10000,10GBps,fork_hetero,22,0.001366,40.558684,731.983465,3.959332,0.832947,0.960881,4,126.830239,29.622844,2882.691460,4118.352200,4690
10000,10GBps,fork_hetero,23,0.001642,40.508418,608.878333,5.058617,0.914511,0.914998,4,83.450772,47.658914,2345.364579,4374.116986,4685
10000,10GBps,fork_hetero,24,0.001402,40.547054,713.235667,3.960098,0.798415,0.923442,4,117.270897,13.443599,2124.087444,2595.204820,4685
10000,10GBps,fork_hetero,25,0.001402,40.547054,713.235667,3.960098,0.798415,0.923442,4,117.270897,13.443599,2124.087444,2595.204820,4685
10000,10GBps,fork_hetero,26,0.001538,40.532505,650.350597,4.363139,0.788628,0.907422,4,108.713354,23.941563,1357.581142,1082.664339,4682
10000,10GBps,fork_hetero,27,0.000421,40.523814,2373.853245,3.234994,0.718149,0.751442,4,117.656743,12.321375,7033.509371,1941.913830,4681
10000,10GBps,fork_hetero,28,0.000420,40.591994,2378.564312,2.288678,0.843729,0.874927,5,168.136156,34.220356,10502.842906,3033.930208,4692
10000,10GBps,fork_hetero,29,0.000410,40.590566,2437.614236,2.983964,0.842905,0.873818,5,171.162964,29.614569,10785.004927,2557.445009,4691
10000,10GBps,fork_hetero,30,0.000410,40.590566,2437.614236,2.983964,0.842905,0.873818,5,171.162964,29.614569,10785.004927,2557.445009,4691
10000,10GBps,fork_hetero,31,0.001643,40.506548,608.490093,5.206667,0.966224,0.968921,5,81.470529,47.273041,2337.855831,4378.453546,4686
10000,10GBps,fork_hetero,32,0.001643,40.506548,608.490093,5.206667,0.966224,0.968921,5,81.470529,47.273041,2337.855831,4378.453546,4686
10000,10GBps,fork_hetero,33,0.001405,40.540358,711.782382,4.110224,0.873347,0.975676,5,115.291064,16.678201,2112.432926,2601.367737,4687
10000,10GBps,fork_hetero,34,0.001405,40.540358,711.782382,4.110224,0.873347,0.975676,5,115.291064,16.678201,2112.432926,2601.367737,4687
10000,10GBps,fork_hetero,35,0.001540,40.513310,649.381353,4.509916,0.865518,0.962861,5,106.742570,25.250140,1348.217598,1091.458611,4682
10000,10GBps,fork_hetero,36,0.001540,40.513310,649.381353,4.509916,0.865518,0.962861,5,106.742570,25.250140,1348.217598,1091.458611,4682
10000,10GBps,fork_hetero,37,0.000421,40.547974,2374.296238,3.380955,0.809135,0.838077,5,115.620630,15.909299,7019.331163,1977.801523,4687
10000,10GBps,fork_hetero,38,0.000421,40.547974,2374.296238,3.380955,0.809135,0.838077,5,115.620630,15.909299,7019.331163,1977.801523,4687
10000,10GBps,fork_hetero,39,0.001698,40.480028,588.939063,5.204433,0.938599,0.938970,5,71.893895,25.837479,1577.252457,2848.596892,4683
10000,10GBps,fork_hetero,40,0.001698,40.480028,588.939063,5.204433,0.938599,0.938970,5,71.893895,25.837479,1577.252457,2848.596892,4683
10000,10GBps,fork_hetero,41,0.001897,40.471907,527.076405,5.603248,0.930769,0.926154,5,63.329430,16.867142,812.212393,1307.446384,4688
10000,10GBps,fork_hetero,42,0.001542,40.508332,648.484584,4.656977,0.916778,0.999820,6,104.736946,26.345122,1338.554485,1100.486757,4687
10000,10GBps,fork_hetero,43,0.000421,40.537503,2373.071519,3.531017,0.869792,0.895833,6,113.559602,18.680089,6998.891235,2027.220575,4694
10000,10GBps,fork_hetero,44,0.001701,40.469355,588.013003,5.351773,0.977679,0.979911,6,69.930089,24.194690,1567.957214,2852.634576,4683
10000,10GBps,fork_hetero,45,0.001701,40.469355,588.013003,5.351773,0.977679,0.979911,6,69.930089,24.194690,1567.957214,2852.634576,4683
10000,10GBps,fork_hetero,46,0.001901,40.470714,526.168991,5.753100,0.971154,0.969231,6,61.328814,12.946632,802.376553,1310.536935,4691
10000,10GBps,fork_hetero,47,0.001901,40.470714,526.168991,5.753100,0.971154,0.969231,6,61.328814,12.946632,802.376553,1310.536935,4691
10000,10GBps,fork_hetero,48,0.001904,40.461443,525.189747,5.903271,1.000000,1.000000,7,59.329835,6.550964,792.431286,1313.540604,4688
