Composition,Target_Job_Length,Event_Throughput,Wall_Time_Per_Event,CPU_Time_Per_Event,Network_Transfer_MB_Per_Event,CPU_Utilization,Memory_Occupancy,Total_Groups,Total_Jobs,Total_Job_Retries,Total_Logical_Jobs,Total_Failed_Jobs,Failure_Rate_Actual_%,Total_Wasted_CPU_Time_s,Total_Wasted_Wall_Time_s,Total_Wasted_Network_MB,Avg_CPU_Per_Failure_s,Avg_Wall_Per_Failure_s,Avg_Network_Per_Failure_MB,Max_CPU_Per_Failure_s,Max_Wall_Per_Failure_s,Max_Network_Per_Failure_MB
1,2h,0.003159,40.238450,316.592395,1.425781,0.750268,0.986610,2,26945,0,26945,0,0.000000,0,0,0,0.000000,0.000000,0.000000,0.000000,0.000000,0.000000
1,4h,0.003223,39.444386,310.283179,1.425781,0.750268,0.986610,2,13440,0,13440,0,0.000000,0,0,0,0.000000,0.000000,0.000000,0.000000,0.000000,0.000000
1,8h,0.003256,39.048842,307.140523,1.425781,0.750268,0.986610,2,6712,0,6712,0,0.000000,0,0,0,0.000000,0.000000,0.000000,0.000000,0.000000,0.000000
1,12h,0.003267,38.917442,306.096523,1.425781,0.750268,0.986610,2,4477,0,4477,0,0.000000,0,0,0,0.000000,0.000000,0.000000,0.000000,0.000000,0.000000
1,24h,0.003278,38.785802,305.050603,1.425781,0.750268,0.986610,2,2238,0,2238,0,0.000000,0,0,0,0.000000,0.000000,0.000000,0.000000,0.000000,0.000000
2,2h,0.003159,40.238450,316.592395,1.425781,0.750268,0.999665,2,26945,0,26945,0,0.000000,0,0,0,0.000000,0.000000,0.000000,0.000000,0.000000,0.000000
2,4h,0.003223,39.444386,310.283179,1.425781,0.750268,0.999665,2,13440,0,13440,0,0.000000,0,0,0,0.000000,0.000000,0.000000,0.000000,0.000000,0.000000
2,8h,0.003256,39.048842,307.140523,1.425781,0.750268,0.999665,2,6712,0,6712,0,0.000000,0,0,0,0.000000,0.000000,0.000000,0.000000,0.000000,0.000000
2,12h,0.003267,38.917442,306.096523,1.425781,0.750268,0.999665,2,4477,0,4477,0,0.000000,0,0,0,0.000000,0.000000,0.000000,0.000000,0.000000,0.000000
2,24h,0.003278,38.785802,305.050603,1.425781,0.750268,0.999665,2,2238,0,2238,0,0.000000,0,0,0,0.000000,0.000000,0.000000,0.000000,0.000000,0.000000
3,2h,0.003159,40.229091,316.554958,1.572266,0.833512,0.991073,3,26946,0,26946,0,0.000000,0,0,0,0.000000,0.000000,0.000000,0.000000,0.000000,0.000000
3,4h,0.003223,39.440439,310.267390,1.572266,0.833512,0.991073,3,13441,0,13441,0,0.000000,0,0,0,0.000000,0.000000,0.000000,0.000000,0.000000,0.000000
3,8h,0.003256,39.047607,307.135582,1.572266,0.833512,0.991073,3,6713,0,6713,0,0.000000,0,0,0,0.000000,0.000000,0.000000,0.000000,0.000000,0.000000
3,12h,0.003267,38.917095,306.095134,1.572266,0.833512,0.991073,3,4477,0,4477,0,0.000000,0,0,0,0.000000,0.000000,0.000000,0.000000,0.000000,0.000000
3,24h,0.003278,38.786355,305.052814,1.572266,0.833512,0.991073,3,2238,0,2238,0,0.000000,0,0,0,0.000000,0.000000,0.000000,0.000000,0.000000,0.000000
4,2h,0.003159,40.229091,316.554958,1.572266,0.833512,0.999777,3,26946,0,26946,0,0.000000,0,0,0,0.000000,0.000000,0.000000,0.000000,0.000000,0.000000
4,4h,0.003223,39.440439,310.267390,1.572266,0.833512,0.999777,3,13441,0,13441,0,0.000000,0,0,0,0.000000,0.000000,0.000000,0.000000,0.000000,0.000000
4,8h,0.003256,39.047607,307.135582,1.572266,0.833512,0.999777,3,6713,0,6713,0,0.000000,0,0,0,0.000000,0.000000,0.000000,0.000000,0.000000,0.000000
4,12h,0.003267,38.917095,306.095134,1.572266,0.833512,0.999777,3,4477,0,4477,0,0.000000,0,0,0,0.000000,0.000000,0.000000,0.000000,0.000000,0.000000
4,24h,0.003278,38.786355,305.052814,1.572266,0.833512,0.999777,3,2238,0,2238,0,0.000000,0,0,0,0.000000,0.000000,0.000000,0.000000,0.000000,0.000000
5,2h,0.003197,39.917055,312.804170,1.572266,0.833513,0.993026,3,26886,0,26886,0,0.000000,0,0,0,0.000000,0.000000,0.000000,0.000000,0.000000,0.000000
5,4h,0.003249,39.286407,307.807274,1.572266,0.833513,0.993026,3,13444,0,13444,0,0.000000,0,0,0,0.000000,0.000000,0.000000,0.000000,0.000000,0.000000
5,8h,0.003275,38.970711,305.305898,1.572266,0.833513,0.993026,3,6715,0,6715,0,0.000000,0,0,0,0.000000,0.000000,0.000000,0.000000,0.000000,0.000000
5,12h,0.003284,38.865639,304.473386,1.572266,0.833513,0.993026,3,4475,0,4475,0,0.000000,0,0,0,0.000000,0.000000,0.000000,0.000000,0.000000,0.000000
5,24h,0.003293,38.760723,303.642074,1.572266,0.833513,0.993026,3,2239,0,2239,0,0.000000,0,0,0,0.000000,0.000000,0.000000,0.000000,0.000000,0.000000
6,2h,0.003197,39.917055,312.804170,1.572266,0.833513,0.999775,3,26886,0,26886,0,0.000000,0,0,0,0.000000,0.000000,0.000000,0.000000,0.000000,0.000000
6,4h,0.003249,39.286407,307.807274,1.572266,0.833513,0.999775,3,13444,0,13444,0,0.000000,0,0,0,0.000000,0.000000,0.000000,0.000000,0.000000,0.000000
6,8h,0.003275,38.970711,305.305898,1.572266,0.833513,0.999775,3,6715,0,6715,0,0.000000,0,0,0,0.000000,0.000000,0.000000,0.000000,0.000000,0.000000
6,12h,0.003284,38.865639,304.473386,1.572266,0.833513,0.999775,3,4475,0,4475,0,0.000000,0,0,0,0.000000,0.000000,0.000000,0.000000,0.000000,0.000000
6,24h,0.003293,38.760723,303.642074,1.572266,0.833513,0.999775,3,2239,0,2239,0,0.000000,0,0,0,0.000000,0.000000,0.000000,0.000000,0.000000,0.000000
7,2h,0.006253,39.932115,159.914433,2.657148,1.000000,0.991287,3,26838,0,26838,0,0.000000,0,0,0,0.000000,0.000000,0.000000,0.000000,0.000000,0.000000
7,4h,0.006354,39.299379,157.382817,2.657148,1.000000,0.991287,3,13420,0,13420,0,0.000000,0,0,0,0.000000,0.000000,0.000000,0.000000,0.000000,0.000000
7,8h,0.006405,38.982975,156.116865,2.657148,1.000000,0.991287,3,6710,0,6710,0,0.000000,0,0,0,0.000000,0.000000,0.000000,0.000000,0.000000,0.000000
7,12h,0.006423,38.877519,155.694945,2.657148,1.000000,0.991287,3,4474,0,4474,0,0.000000,0,0,0,0.000000,0.000000,0.000000,0.000000,0.000000,0.000000
7,24h,0.006440,38.772063,155.273025,2.657148,1.000000,0.991287,3,2238,0,2238,0,0.000000,0,0,0,0.000000,0.000000,0.000000,0.000000,0.000000,0.000000
8,2h,0.006253,39.932115,159.914433,2.657148,1.000000,1.000000,3,26838,0,26838,0,0.000000,0,0,0,0.000000,0.000000,0.000000,0.000000,0.000000,0.000000
8,4h,0.006354,39.299379,157.382817,2.657148,1.000000,1.000000,3,13420,0,13420,0,0.000000,0,0,0,0.000000,0.000000,0.000000,0.000000,0.000000,0.000000
8,8h,0.006405,38.982975,156.116865,2.657148,1.000000,1.000000,3,6710,0,6710,0,0.000000,0,0,0,0.000000,0.000000,0.000000,0.000000,0.000000,0.000000
8,12h,0.006423,38.877519,155.694945,2.657148,1.000000,1.000000,3,4474,0,4474,0,0.000000,0,0,0,0.000000,0.000000,0.000000,0.000000,0.000000,0.000000
8,24h,0.006440,38.772063,155.273025,2.657148,1.000000,1.000000,3,2238,0,2238,0,0.000000,0,0,0,0.000000,0.000000,0.000000,0.000000,0.000000,0.000000
9,2h,0.003266,39.607509,306.229664,1.962891,0.833518,0.999769,3,26932,0,26932,0,0.000000,0,0,0,0.000000,0.000000,0.000000,0.000000,0.000000,0.000000
9,4h,0.003306,39.132477,302.516000,1.962891,0.833518,0.999769,3,13436,0,13436,0,0.000000,0,0,0,0.000000,0.000000,0.000000,0.000000,0.000000,0.000000
9,8h,0.003326,38.895765,300.665696,1.962891,0.833518,0.999769,3,6710,0,6710,0,0.000000,0,0,0,0.000000,0.000000,0.000000,0.000000,0.000000,0.000000
9,12h,0.003333,38.817141,300.051104,1.962891,0.833518,0.999769,3,4476,0,4476,0,0.000000,0,0,0,0.000000,0.000000,0.000000,0.000000,0.000000,0.000000
9,24h,0.003340,38.738373,299.435360,1.962891,0.833518,0.999769,3,2238,0,2238,0,0.000000,0,0,0,0.000000,0.000000,0.000000,0.000000,0.000000,0.000000
10,2h,0.003575,39.384027,279.751400,3.769531,0.833555,0.955202,3,26895,0,26895,0,0.000000,0,0,0,0.000000,0.000000,0.000000,0.000000,0.000000,0.000000
10,4h,0.003606,39.030375,277.330520,3.769531,0.833555,0.955202,3,13427,0,13427,0,0.000000,0,0,0,0.000000,0.000000,0.000000,0.000000,0.000000,0.000000
10,8h,0.003622,38.854047,276.124184,3.769531,0.833555,0.955202,3,6714,0,6714,0,0.000000,0,0,0,0.000000,0.000000,0.000000,0.000000,0.000000,0.000000
10,12h,0.003627,38.795247,275.721752,3.769531,0.833555,0.955202,3,4475,0,4475,0,0.000000,0,0,0,0.000000,0.000000,0.000000,0.000000,0.000000,0.000000
10,24h,0.003632,38.736483,275.319752,3.769531,0.833555,0.955202,3,2238,0,2238,0,0.000000,0,0,0,0.000000,0.000000,0.000000,0.000000,0.000000,0.000000
11,2h,0.003575,39.384027,279.751400,3.769531,0.833555,0.999723,3,26895,0,26895,0,0.000000,0,0,0,0.000000,0.000000,0.000000,0.000000,0.000000,0.000000
11,4h,0.003606,39.030375,277.330520,3.769531,0.833555,0.999723,3,13427,0,13427,0,0.000000,0,0,0,0.000000,0.000000,0.000000,0.000000,0.000000,0.000000
11,8h,0.003622,38.854047,276.124184,3.769531,0.833555,0.999723,3,6714,0,6714,0,0.000000,0,0,0,0.000000,0.000000,0.000000,0.000000,0.000000,0.000000
11,12h,0.003627,38.795247,275.721752,3.769531,0.833555,0.999723,3,4475,0,4475,0,0.000000,0,0,0,0.000000,0.000000,0.000000,0.000000,0.000000,0.000000
11,24h,0.003632,38.736483,275.319752,3.769531,0.833555,0.999723,3,2238,0,2238,0,0.000000,0,0,0,0.000000,0.000000,0.000000,0.000000,0.000000,0.000000
12,2h,0.003197,39.907696,312.766734,1.718750,0.875135,0.994769,4,26887,0,26887,0,0.000000,0,0,0,0.000000,0.000000,0.000000,0.000000,0.000000,0.000000
12,4h,0.003249,39.282460,307.791486,1.718750,0.875135,0.994769,4,13445,0,13445,0,0.000000,0,0,0,0.000000,0.000000,0.000000,0.000000,0.000000,0.000000
12,8h,0.003275,38.969476,305.300958,1.718750,0.875135,0.994769,4,6716,0,6716,0,0.000000,0,0,0,0.000000,0.000000,0.000000,0.000000,0.000000,0.000000
12,12h,0.003284,38.865291,304.471998,1.718750,0.875135,0.994769,4,4475,0,4475,0,0.000000,0,0,0,0.000000,0.000000,0.000000,0.000000,0.000000,0.000000
12,24h,0.003293,38.761276,303.644286,1.718750,0.875135,0.994769,4,2239,0,2239,0,0.000000,0,0,0,0.000000,0.000000,0.000000,0.000000,0.000000,0.000000
13,2h,0.003197,39.907696,312.766734,1.718750,0.875135,0.999831,4,26887,0,26887,0,0.000000,0,0,0,0.000000,0.000000,0.000000,0.000000,0.000000,0.000000
13,4h,0.003249,39.282460,307.791486,1.718750,0.875135,0.999831,4,13445,0,13445,0,0.000000,0,0,0,0.000000,0.000000,0.000000,0.000000,0.000000,0.000000
13,8h,0.003275,38.969476,305.300958,1.718750,0.875135,0.999831,4,6716,0,6716,0,0.000000,0,0,0,0.000000,0.000000,0.000000,0.000000,0.000000,0.000000
13,12h,0.003284,38.865291,304.471998,1.718750,0.875135,0.999831,4,4475,0,4475,0,0.000000,0,0,0,0.000000,0.000000,0.000000,0.000000,0.000000,0.000000
13,24h,0.003293,38.761276,303.644286,1.718750,0.875135,0.999831,4,2239,0,2239,0,0.000000,0,0,0,0.000000,0.000000,0.000000,0.000000,0.000000,0.000000
14,2h,0.006255,39.922756,159.876997,2.803633,1.000000,0.993465,4,26839,0,26839,0,0.000000,0,0,0,0.000000,0.000000,0.000000,0.000000,0.000000,0.000000
14,4h,0.006355,39.295432,157.367029,2.803633,1.000000,0.993465,4,13421,0,13421,0,0.000000,0,0,0,0.000000,0.000000,0.000000,0.000000,0.000000,0.000000
14,8h,0.006406,38.981740,156.111925,2.803633,1.000000,0.993465,4,6711,0,6711,0,0.000000,0,0,0,0.000000,0.000000,0.000000,0.000000,0.000000,0.000000
14,12h,0.006423,38.877172,155.693557,2.803633,1.000000,0.993465,4,4474,0,4474,0,0.000000,0,0,0,0.000000,0.000000,0.000000,0.000000,0.000000,0.000000
14,24h,0.006440,38.772616,155.275237,2.803633,1.000000,0.993465,4,2238,0,2238,0,0.000000,0,0,0,0.000000,0.000000,0.000000,0.000000,0.000000,0.000000
15,2h,0.006255,39.922756,159.876997,2.803633,1.000000,1.000000,4,26839,0,26839,0,0.000000,0,0,0,0.000000,0.000000,0.000000,0.000000,0.000000,0.000000
15,4h,0.006355,39.295432,157.367029,2.803633,1.000000,1.000000,4,13421,0,13421,0,0.000000,0,0,0,0.000000,0.000000,0.000000,0.000000,0.000000,0.000000
15,8h,0.006406,38.981740,156.111925,2.803633,1.000000,1.000000,4,6711,0,6711,0,0.000000,0,0,0,0.000000,0.000000,0.000000,0.000000,0.000000,0.000000
15,12h,0.006423,38.877172,155.693557,2.803633,1.000000,1.000000,4,4474,0,4474,0,0.000000,0,0,0,0.000000,0.000000,0.000000,0.000000,0.000000,0.000000
15,24h,0.006440,38.772616,155.275237,2.803633,1.000000,1.000000,4,2238,0,2238,0,0.000000,0,0,0,0.000000,0.000000,0.000000,0.000000,0.000000,0.000000
16,2h,0.003266,39.598150,306.192227,2.109375,0.875139,0.999827,4,26933,0,26933,0,0.000000,0,0,0,0.000000,0.000000,0.000000,0.000000,0.000000,0.000000
16,4h,0.003306,39.128530,302.500211,2.109375,0.875139,0.999827,4,13437,0,13437,0,0.000000,0,0,0,0.000000,0.000000,0.000000,0.000000,0.000000,0.000000
16,8h,0.003326,38.894530,300.660755,2.109375,0.875139,0.999827,4,6711,0,6711,0,0.000000,0,0,0,0.000000,0.000000,0.000000,0.000000,0.000000,0.000000
16,12h,0.003333,38.816794,300.049715,2.109375,0.875139,0.999827,4,4476,0,4476,0,0.000000,0,0,0,0.000000,0.000000,0.000000,0.000000,0.000000,0.000000
16,24h,0.003340,38.738926,299.437571,2.109375,0.875139,0.999827,4,2238,0,2238,0,0.000000,0,0,0,0.000000,0.000000,0.000000,0.000000,0.000000,0.000000
17,2h,0.003266,39.598150,306.192227,2.109375,0.875139,0.999827,4,26933,0,26933,0,0.000000,0,0,0,0.000000,0.000000,0.000000,0.000000,0.000000,0.000000
17,4h,0.003306,39.128530,302.500211,2.109375,0.875139,0.999827,4,13437,0,13437,0,0.000000,0,0,0,0.000000,0.000000,0.000000,0.000000,0.000000,0.000000
17,8h,0.003326,38.894530,300.660755,2.109375,0.875139,0.999827,4,6711,0,6711,0,0.000000,0,0,0,0.000000,0.000000,0.000000,0.000000,0.000000,0.000000
17,12h,0.003333,38.816794,300.049715,2.109375,0.875139,0.999827,4,4476,0,4476,0,0.000000,0,0,0,0.000000,0.000000,0.000000,0.000000,0.000000,0.000000
17,24h,0.003340,38.738926,299.437571,2.109375,0.875139,0.999827,4,2238,0,2238,0,0.000000,0,0,0,0.000000,0.000000,0.000000,0.000000,0.000000,0.000000
18,2h,0.006302,39.620416,158.667637,2.803633,1.000000,0.994932,4,26914,0,26914,0,0.000000,0,0,0,0.000000,0.000000,0.000000,0.000000,0.000000,0.000000
18,4h,0.006379,39.143056,156.757525,2.803633,1.000000,0.994932,4,13425,0,13425,0,0.000000,0,0,0,0.000000,0.000000,0.000000,0.000000,0.000000,0.000000
18,8h,0.006418,38.905552,155.807173,2.803633,1.000000,0.994932,4,6713,0,6713,0,0.000000,0,0,0,0.000000,0.000000,0.000000,0.000000,0.000000,0.000000
18,12h,0.006431,38.826400,155.490469,2.803633,1.000000,0.994932,4,4476,0,4476,0,0.000000,0,0,0,0.000000,0.000000,0.000000,0.000000,0.000000,0.000000
18,24h,0.006444,38.747224,155.173669,2.803633,1.000000,0.994932,4,2239,0,2239,0,0.000000,0,0,0,0.000000,0.000000,0.000000,0.000000,0.000000,0.000000
19,2h,0.006302,39.620416,158.667637,2.803633,1.000000,1.000000,4,26914,0,26914,0,0.000000,0,0,0,0.000000,0.000000,0.000000,0.000000,0.000000,0.000000
19,4h,0.006379,39.143056,156.757525,2.803633,1.000000,1.000000,4,13425,0,13425,0,0.000000,0,0,0,0.000000,0.000000,0.000000,0.000000,0.000000,0.000000
19,8h,0.006418,38.905552,155.807173,2.803633,1.000000,1.000000,4,6713,0,6713,0,0.000000,0,0,0,0.000000,0.000000,0.000000,0.000000,0.000000,0.000000
19,12h,0.006431,38.826400,155.490469,2.803633,1.000000,1.000000,4,4476,0,4476,0,0.000000,0,0,0,0.000000,0.000000,0.000000,0.000000,0.000000,0.000000
19,24h,0.006444,38.747224,155.173669,2.803633,1.000000,1.000000,4,2239,0,2239,0,0.000000,0,0,0,0.000000,0.000000,0.000000,0.000000,0.000000,0.000000
20,2h,0.003575,39.374668,279.713964,3.916016,0.875166,0.966402,4,26896,0,26896,0,0.000000,0,0,0,0.000000,0.000000,0.000000,0.000000,0.000000,0.000000
20,4h,0.003606,39.026428,277.314732,3.916016,0.875166,0.966402,4,13428,0,13428,0,0.000000,0,0,0,0.000000,0.000000,0.000000,0.000000,0.000000,0.000000
20,8h,0.003622,38.852812,276.119244,3.916016,0.875166,0.966402,4,6715,0,6715,0,0.000000,0,0,0,0.000000,0.000000,0.000000,0.000000,0.000000,0.000000
20,12h,0.003627,38.794900,275.720364,3.916016,0.875166,0.966402,4,4475,0,4475,0,0.000000,0,0,0,0.000000,0.000000,0.000000,0.000000,0.000000,0.000000
20,24h,0.003632,38.737036,275.321964,3.916016,0.875166,0.966402,4,2238,0,2238,0,0.000000,0,0,0,0.000000,0.000000,0.000000,0.000000,0.000000,0.000000
21,2h,0.006379,39.144581,156.764295,5.000898,1.000000,0.966610,4,26836,0,26836,0,0.000000,0,0,0,0.000000,0.000000,0.000000,0.000000,0.000000,0.000000
21,4h,0.006416,38.917325,155.854599,5.000898,1.000000,0.966610,4,13419,0,13419,0,0.000000,0,0,0,0.000000,0.000000,0.000000,0.000000,0.000000,0.000000
21,8h,0.006435,38.803673,155.399655,5.000898,1.000000,0.966610,4,6710,0,6710,0,0.000000,0,0,0,0.000000,0.000000,0.000000,0.000000,0.000000,0.000000
21,12h,0.006441,38.765825,155.248167,5.000898,1.000000,0.966610,4,4475,0,4475,0,0.000000,0,0,0,0.000000,0.000000,0.000000,0.000000,0.000000,0.000000
21,24h,0.006448,38.727941,155.096535,5.000898,1.000000,0.966610,4,2239,0,2239,0,0.000000,0,0,0,0.000000,0.000000,0.000000,0.000000,0.000000,0.000000
22,2h,0.003575,39.374668,279.713964,3.916016,0.875166,0.999792,4,26896,0,26896,0,0.000000,0,0,0,0.000000,0.000000,0.000000,0.000000,0.000000,0.000000
22,4h,0.003606,39.026428,277.314732,3.916016,0.875166,0.999792,4,13428,0,13428,0,0.000000,0,0,0,0.000000,0.000000,0.000000,0.000000,0.000000,0.000000
22,8h,0.003622,38.852812,276.119244,3.916016,0.875166,0.999792,4,6715,0,6715,0,0.000000,0,0,0,0.000000,0.000000,0.000000,0.000000,0.000000,0.000000
22,12h,0.003627,38.794900,275.720364,3.916016,0.875166,0.999792,4,4475,0,4475,0,0.000000,0,0,0,0.000000,0.000000,0.000000,0.000000,0.000000,0.000000
22,24h,0.003632,38.737036,275.321964,3.916016,0.875166,0.999792,4,2238,0,2238,0,0.000000,0,0,0,0.000000,0.000000,0.000000,0.000000,0.000000,0.000000
23,2h,0.006379,39.144581,156.764295,5.000898,1.000000,1.000000,4,26836,0,26836,0,0.000000,0,0,0,0.000000,0.000000,0.000000,0.000000,0.000000,0.000000
23,4h,0.006416,38.917325,155.854599,5.000898,1.000000,1.000000,4,13419,0,13419,0,0.000000,0,0,0,0.000000,0.000000,0.000000,0.000000,0.000000,0.000000
23,8h,0.006435,38.803673,155.399655,5.000898,1.000000,1.000000,4,6710,0,6710,0,0.000000,0,0,0,0.000000,0.000000,0.000000,0.000000,0.000000,0.000000
23,12h,0.006441,38.765825,155.248167,5.000898,1.000000,1.000000,4,4475,0,4475,0,0.000000,0,0,0,0.000000,0.000000,0.000000,0.000000,0.000000,0.000000
23,24h,0.006448,38.727941,155.096535,5.000898,1.000000,1.000000,4,2239,0,2239,0,0.000000,0,0,0,0.000000,0.000000,0.000000,0.000000,0.000000,0.000000
24,2h,0.003578,39.322180,279.504012,3.916016,0.875166,0.973006,4,26897,0,26897,0,0.000000,0,0,0,0.000000,0.000000,0.000000,0.000000,0.000000,0.000000
24,4h,0.003607,39.000148,277.209612,3.916016,0.875166,0.973006,4,13427,0,13427,0,0.000000,0,0,0,0.000000,0.000000,0.000000,0.000000,0.000000,0.000000
24,8h,0.003622,38.839684,276.066732,3.916016,0.875166,0.973006,4,6715,0,6715,0,0.000000,0,0,0,0.000000,0.000000,0.000000,0.000000,0.000000,0.000000
24,12h,0.003627,38.786140,275.685324,3.916016,0.875166,0.973006,4,4475,0,4475,0,0.000000,0,0,0,0.000000,0.000000,0.000000,0.000000,0.000000,0.000000
24,24h,0.003632,38.732680,275.304540,3.916016,0.875166,0.973006,4,2239,0,2239,0,0.000000,0,0,0,0.000000,0.000000,0.000000,0.000000,0.000000,0.000000
25,2h,0.003578,39.322180,279.504012,3.916016,0.875166,0.999792,4,26897,0,26897,0,0.000000,0,0,0,0.000000,0.000000,0.000000,0.000000,0.000000,0.000000
25,4h,0.003607,39.000148,277.209612,3.916016,0.875166,0.999792,4,13427,0,13427,0,0.000000,0,0,0,0.000000,0.000000,0.000000,0.000000,0.000000,0.000000
25,8h,0.003622,38.839684,276.066732,3.916016,0.875166,0.999792,4,6715,0,6715,0,0.000000,0,0,0,0.000000,0.000000,0.000000,0.000000,0.000000,0.000000
25,12h,0.003627,38.786140,275.685324,3.916016,0.875166,0.999792,4,4475,0,4475,0,0.000000,0,0,0,0.000000,0.000000,0.000000,0.000000,0.000000,0.000000
25,24h,0.003632,38.732680,275.304540,3.916016,0.875166,0.999792,4,2239,0,2239,0,0.000000,0,0,0,0.000000,0.000000,0.000000,0.000000,0.000000,0.000000
26,2h,0.003580,39.278518,279.329365,4.306641,0.875166,0.999792,4,26894,0,26894,0,0.000000,0,0,0,0.000000,0.000000,0.000000,0.000000,0.000000,0.000000
26,4h,0.003608,38.980306,277.130245,4.306641,0.875166,0.999792,4,13427,0,13427,0,0.000000,0,0,0,0.000000,0.000000,0.000000,0.000000,0.000000,0.000000
26,8h,0.003623,38.831698,276.034789,4.306641,0.875166,0.999792,4,6714,0,6714,0,0.000000,0,0,0,0.000000,0.000000,0.000000,0.000000,0.000000,0.000000
26,12h,0.003628,38.782126,275.669269,4.306641,0.875166,0.999792,4,4475,0,4475,0,0.000000,0,0,0,0.000000,0.000000,0.000000,0.000000,0.000000,0.000000
26,24h,0.003632,38.732626,275.304325,4.306641,0.875166,0.999792,4,2239,0,2239,0,0.000000,0,0,0,0.000000,0.000000,0.000000,0.000000,0.000000,0.000000
27,2h,0.006351,39.315623,157.448462,3.194258,1.000000,1.000000,4,26834,0,26834,0,0.000000,0,0,0,0.000000,0.000000,0.000000,0.000000,0.000000,0.000000
27,4h,0.006404,38.993807,156.160526,3.194258,1.000000,1.000000,4,13418,0,13418,0,0.000000,0,0,0,0.000000,0.000000,0.000000,0.000000,0.000000,0.000000
27,8h,0.006430,38.832875,155.516462,3.194258,1.000000,1.000000,4,6709,0,6709,0,0.000000,0,0,0,0.000000,0.000000,0.000000,0.000000,0.000000,0.000000
27,12h,0.006439,38.779259,155.301902,3.194258,1.000000,1.000000,4,4474,0,4474,0,0.000000,0,0,0,0.000000,0.000000,0.000000,0.000000,0.000000,0.000000
27,24h,0.006448,38.725643,155.087342,3.194258,1.000000,1.000000,4,2239,0,2239,0,0.000000,0,0,0,0.000000,0.000000,0.000000,0.000000,0.000000,0.000000
28,2h,0.003266,39.588791,306.154791,2.255859,0.900111,0.999861,5,26934,0,26934,0,0.000000,0,0,0,0.000000,0.000000,0.000000,0.000000,0.000000,0.000000
28,4h,0.003306,39.124583,302.484423,2.255859,0.900111,0.999861,5,13438,0,13438,0,0.000000,0,0,0,0.000000,0.000000,0.000000,0.000000,0.000000,0.000000
28,8h,0.003326,38.893295,300.655815,2.255859,0.900111,0.999861,5,6712,0,6712,0,0.000000,0,0,0,0.000000,0.000000,0.000000,0.000000,0.000000,0.000000
28,12h,0.003333,38.816447,300.048327,2.255859,0.900111,0.999861,5,4476,0,4476,0,0.000000,0,0,0,0.000000,0.000000,0.000000,0.000000,0.000000,0.000000
28,24h,0.003340,38.739479,299.439783,2.255859,0.900111,0.999861,5,2238,0,2238,0,0.000000,0,0,0,0.000000,0.000000,0.000000,0.000000,0.000000,0.000000
29,2h,0.006304,39.611057,158.630200,2.950117,1.000000,0.995946,5,26915,0,26915,0,0.000000,0,0,0,0.000000,0.000000,0.000000,0.000000,0.000000,0.000000
29,4h,0.006380,39.139109,156.741736,2.950117,1.000000,0.995946,5,13426,0,13426,0,0.000000,0,0,0,0.000000,0.000000,0.000000,0.000000,0.000000,0.000000
29,8h,0.006418,38.904317,155.802232,2.950117,1.000000,0.995946,5,6714,0,6714,0,0.000000,0,0,0,0.000000,0.000000,0.000000,0.000000,0.000000,0.000000
29,12h,0.006431,38.826053,155.489080,2.950117,1.000000,0.995946,5,4476,0,4476,0,0.000000,0,0,0,0.000000,0.000000,0.000000,0.000000,0.000000,0.000000
29,24h,0.006444,38.747777,155.175880,2.950117,1.000000,0.995946,5,2239,0,2239,0,0.000000,0,0,0,0.000000,0.000000,0.000000,0.000000,0.000000,0.000000
30,2h,0.006304,39.611057,158.630200,2.950117,1.000000,1.000000,5,26915,0,26915,0,0.000000,0,0,0,0.000000,0.000000,0.000000,0.000000,0.000000,0.000000
30,4h,0.006380,39.139109,156.741736,2.950117,1.000000,1.000000,5,13426,0,13426,0,0.000000,0,0,0,0.000000,0.000000,0.000000,0.000000,0.000000,0.000000
30,8h,0.006418,38.904317,155.802232,2.950117,1.000000,1.000000,5,6714,0,6714,0,0.000000,0,0,0,0.000000,0.000000,0.000000,0.000000,0.000000,0.000000
30,12h,0.006431,38.826053,155.489080,2.950117,1.000000,1.000000,5,4476,0,4476,0,0.000000,0,0,0,0.000000,0.000000,0.000000,0.000000,0.000000,0.000000
30,24h,0.006444,38.747777,155.175880,2.950117,1.000000,1.000000,5,2239,0,2239,0,0.000000,0,0,0,0.000000,0.000000,0.000000,0.000000,0.000000,0.000000
31,2h,0.006381,39.135222,156.726859,5.147383,1.000000,0.973288,5,26837,0,26837,0,0.000000,0,0,0,0.000000,0.000000,0.000000,0.000000,0.000000,0.000000
31,4h,0.006417,38.913378,155.838811,5.147383,1.000000,0.973288,5,13420,0,13420,0,0.000000,0,0,0,0.000000,0.000000,0.000000,0.000000,0.000000,0.000000
31,8h,0.006435,38.802438,155.394715,5.147383,1.000000,0.973288,5,6711,0,6711,0,0.000000,0,0,0,0.000000,0.000000,0.000000,0.000000,0.000000,0.000000
31,12h,0.006441,38.765478,155.246779,5.147383,1.000000,0.973288,5,4475,0,4475,0,0.000000,0,0,0,0.000000,0.000000,0.000000,0.000000,0.000000,0.000000
31,24h,0.006448,38.728494,155.098747,5.147383,1.000000,0.973288,5,2239,0,2239,0,0.000000,0,0,0,0.000000,0.000000,0.000000,0.000000,0.000000,0.000000
32,2h,0.006381,39.135222,156.726859,5.147383,1.000000,1.000000,5,26837,0,26837,0,0.000000,0,0,0,0.000000,0.000000,0.000000,0.000000,0.000000,0.000000
32,4h,0.006417,38.913378,155.838811,5.147383,1.000000,1.000000,5,13420,0,13420,0,0.000000,0,0,0,0.000000,0.000000,0.000000,0.000000,0.000000,0.000000
32,8h,0.006435,38.802438,155.394715,5.147383,1.000000,1.000000,5,6711,0,6711,0,0.000000,0,0,0,0.000000,0.000000,0.000000,0.000000,0.000000,0.000000
32,12h,0.006441,38.765478,155.246779,5.147383,1.000000,1.000000,5,4475,0,4475,0,0.000000,0,0,0,0.000000,0.000000,0.000000,0.000000,0.000000,0.000000
32,24h,0.006448,38.728494,155.098747,5.147383,1.000000,1.000000,5,2239,0,2239,0,0.000000,0,0,0,0.000000,0.000000,0.000000,0.000000,0.000000,0.000000
33,2h,0.003578,39.312821,279.466575,4.062500,0.900133,0.978405,5,26898,0,26898,0,0.000000,0,0,0,0.000000,0.000000,0.000000,0.000000,0.000000,0.000000
33,4h,0.003608,38.996201,277.193823,4.062500,0.900133,0.978405,5,13428,0,13428,0,0.000000,0,0,0,0.000000,0.000000,0.000000,0.000000,0.000000,0.000000
33,8h,0.003622,38.838449,276.061791,4.062500,0.900133,0.978405,5,6716,0,6716,0,0.000000,0,0,0,0.000000,0.000000,0.000000,0.000000,0.000000,0.000000
33,12h,0.003627,38.785793,275.683935,4.062500,0.900133,0.978405,5,4475,0,4475,0,0.000000,0,0,0,0.000000,0.000000,0.000000,0.000000,0.000000,0.000000
33,24h,0.003632,38.733233,275.306751,4.062500,0.900133,0.978405,5,2239,0,2239,0,0.000000,0,0,0,0.000000,0.000000,0.000000,0.000000,0.000000,0.000000
34,2h,0.003578,39.312821,279.466575,4.062500,0.900133,0.999834,5,26898,0,26898,0,0.000000,0,0,0,0.000000,0.000000,0.000000,0.000000,0.000000,0.000000
34,4h,0.003608,38.996201,277.193823,4.062500,0.900133,0.999834,5,13428,0,13428,0,0.000000,0,0,0,0.000000,0.000000,0.000000,0.000000,0.000000,0.000000
34,8h,0.003622,38.838449,276.061791,4.062500,0.900133,0.999834,5,6716,0,6716,0,0.000000,0,0,0,0.000000,0.000000,0.000000,0.000000,0.000000,0.000000
34,12h,0.003627,38.785793,275.683935,4.062500,0.900133,0.999834,5,4475,0,4475,0,0.000000,0,0,0,0.000000,0.000000,0.000000,0.000000,0.000000,0.000000
34,24h,0.003632,38.733233,275.306751,4.062500,0.900133,0.999834,5,2239,0,2239,0,0.000000,0,0,0,0.000000,0.000000,0.000000,0.000000,0.000000,0.000000
35,2h,0.003580,39.269159,279.291928,4.453125,0.900133,0.999834,5,26895,0,26895,0,0.000000,0,0,0,0.000000,0.000000,0.000000,0.000000,0.000000,0.000000
35,4h,0.003609,38.976359,277.114456,4.453125,0.900133,0.999834,5,13428,0,13428,0,0.000000,0,0,0,0.000000,0.000000,0.000000,0.000000,0.000000,0.000000
35,8h,0.003623,38.830463,276.029848,4.453125,0.900133,0.999834,5,6715,0,6715,0,0.000000,0,0,0,0.000000,0.000000,0.000000,0.000000,0.000000,0.000000
35,12h,0.003628,38.781779,275.667880,4.453125,0.900133,0.999834,5,4475,0,4475,0,0.000000,0,0,0,0.000000,0.000000,0.000000,0.000000,0.000000,0.000000
35,24h,0.003632,38.733179,275.306536,4.453125,0.900133,0.999834,5,2239,0,2239,0,0.000000,0,0,0,0.000000,0.000000,0.000000,0.000000,0.000000,0.000000
36,2h,0.003580,39.269159,279.291928,4.453125,0.900133,0.999834,5,26895,0,26895,0,0.000000,0,0,0,0.000000,0.000000,0.000000,0.000000,0.000000,0.000000
36,4h,0.003609,38.976359,277.114456,4.453125,0.900133,0.999834,5,13428,0,13428,0,0.000000,0,0,0,0.000000,0.000000,0.000000,0.000000,0.000000,0.000000
36,8h,0.003623,38.830463,276.029848,4.453125,0.900133,0.999834,5,6715,0,6715,0,0.000000,0,0,0,0.000000,0.000000,0.000000,0.000000,0.000000,0.000000
36,12h,0.003628,38.781779,275.667880,4.453125,0.900133,0.999834,5,4475,0,4475,0,0.000000,0,0,0,0.000000,0.000000,0.000000,0.000000,0.000000,0.000000
36,24h,0.003632,38.733179,275.306536,4.453125,0.900133,0.999834,5,2239,0,2239,0,0.000000,0,0,0,0.000000,0.000000,0.000000,0.000000,0.000000,0.000000
37,2h,0.006353,39.306263,157.411025,3.340742,1.000000,1.000000,5,26835,0,26835,0,0.000000,0,0,0,0.000000,0.000000,0.000000,0.000000,0.000000,0.000000
37,4h,0.006404,38.989859,156.144737,3.340742,1.000000,1.000000,5,13419,0,13419,0,0.000000,0,0,0,0.000000,0.000000,0.000000,0.000000,0.000000,0.000000
37,8h,0.006430,38.831639,155.511521,3.340742,1.000000,1.000000,5,6710,0,6710,0,0.000000,0,0,0,0.000000,0.000000,0.000000,0.000000,0.000000,0.000000
37,12h,0.006439,38.778911,155.300513,3.340742,1.000000,1.000000,5,4474,0,4474,0,0.000000,0,0,0,0.000000,0.000000,0.000000,0.000000,0.000000,0.000000
37,24h,0.006448,38.726195,155.089553,3.340742,1.000000,1.000000,5,2239,0,2239,0,0.000000,0,0,0,0.000000,0.000000,0.000000,0.000000,0.000000,0.000000
38,2h,0.006353,39.306263,157.411025,3.340742,1.000000,1.000000,5,26835,0,26835,0,0.000000,0,0,0,0.000000,0.000000,0.000000,0.000000,0.000000,0.000000
38,4h,0.006404,38.989859,156.144737,3.340742,1.000000,1.000000,5,13419,0,13419,0,0.000000,0,0,0,0.000000,0.000000,0.000000,0.000000,0.000000,0.000000
38,8h,0.006430,38.831639,155.511521,3.340742,1.000000,1.000000,5,6710,0,6710,0,0.000000,0,0,0,0.000000,0.000000,0.000000,0.000000,0.000000,0.000000
38,12h,0.006439,38.778911,155.300513,3.340742,1.000000,1.000000,5,4474,0,4474,0,0.000000,0,0,0,0.000000,0.000000,0.000000,0.000000,0.000000,0.000000
38,24h,0.006448,38.726195,155.089553,3.340742,1.000000,1.000000,5,2239,0,2239,0,0.000000,0,0,0,0.000000,0.000000,0.000000,0.000000,0.000000,0.000000
39,2h,0.006389,39.082734,156.516907,5.147383,1.000000,0.978571,5,26838,0,26838,0,0.000000,0,0,0,0.000000,0.000000,0.000000,0.000000,0.000000,0.000000
39,4h,0.006421,38.887098,155.733691,5.147383,1.000000,0.978571,5,13419,0,13419,0,0.000000,0,0,0,0.000000,0.000000,0.000000,0.000000,0.000000,0.000000
39,8h,0.006437,38.789310,155.342203,5.147383,1.000000,0.978571,5,6711,0,6711,0,0.000000,0,0,0,0.000000,0.000000,0.000000,0.000000,0.000000,0.000000
39,12h,0.006443,38.756718,155.211739,5.147383,1.000000,0.978571,5,4475,0,4475,0,0.000000,0,0,0,0.000000,0.000000,0.000000,0.000000,0.000000,0.000000
39,24h,0.006448,38.724138,155.081323,5.147383,1.000000,0.978571,5,2240,0,2240,0,0.000000,0,0,0,0.000000,0.000000,0.000000,0.000000,0.000000,0.000000
40,2h,0.006389,39.082734,156.516907,5.147383,1.000000,1.000000,5,26838,0,26838,0,0.000000,0,0,0,0.000000,0.000000,0.000000,0.000000,0.000000,0.000000
40,4h,0.006421,38.887098,155.733691,5.147383,1.000000,1.000000,5,13419,0,13419,0,0.000000,0,0,0,0.000000,0.000000,0.000000,0.000000,0.000000,0.000000
40,8h,0.006437,38.789310,155.342203,5.147383,1.000000,1.000000,5,6711,0,6711,0,0.000000,0,0,0,0.000000,0.000000,0.000000,0.000000,0.000000,0.000000
40,12h,0.006443,38.756718,155.211739,5.147383,1.000000,1.000000,5,4475,0,4475,0,0.000000,0,0,0,0.000000,0.000000,0.000000,0.000000,0.000000,0.000000
40,24h,0.006448,38.724138,155.081323,5.147383,1.000000,1.000000,5,2240,0,2240,0,0.000000,0,0,0,0.000000,0.000000,0.000000,0.000000,0.000000,0.000000
41,2h,0.006396,39.039072,156.342260,5.538008,1.000000,1.000000,5,26835,0,26835,0,0.000000,0,0,0,0.000000,0.000000,0.000000,0.000000,0.000000,0.000000
41,4h,0.006424,38.867256,155.654324,5.538008,1.000000,1.000000,5,13419,0,13419,0,0.000000,0,0,0,0.000000,0.000000,0.000000,0.000000,0.000000,0.000000
41,8h,0.006439,38.781324,155.310260,5.538008,1.000000,1.000000,5,6710,0,6710,0,0.000000,0,0,0,0.000000,0.000000,0.000000,0.000000,0.000000,0.000000
41,12h,0.006443,38.752704,155.195684,5.538008,1.000000,1.000000,5,4475,0,4475,0,0.000000,0,0,0,0.000000,0.000000,0.000000,0.000000,0.000000,0.000000
41,24h,0.006448,38.724084,155.081108,5.538008,1.000000,1.000000,5,2240,0,2240,0,0.000000,0,0,0,0.000000,0.000000,0.000000,0.000000,0.000000,0.000000
42,2h,0.003581,39.259800,279.254491,4.599609,0.916778,0.999861,6,26896,0,26896,0,0.000000,0,0,0,0.000000,0.000000,0.000000,0.000000,0.000000,0.000000
42,4h,0.003609,38.972412,277.098667,4.599609,0.916778,0.999861,6,13429,0,13429,0,0.000000,0,0,0,0.000000,0.000000,0.000000,0.000000,0.000000,0.000000
42,8h,0.003623,38.829228,276.024907,4.599609,0.916778,0.999861,6,6716,0,6716,0,0.000000,0,0,0,0.000000,0.000000,0.000000,0.000000,0.000000,0.000000
42,12h,0.003628,38.781432,275.666491,4.599609,0.916778,0.999861,6,4475,0,4475,0,0.000000,0,0,0,0.000000,0.000000,0.000000,0.000000,0.000000,0.000000
42,24h,0.003632,38.733732,275.308747,4.599609,0.916778,0.999861,6,2239,0,2239,0,0.000000,0,0,0,0.000000,0.000000,0.000000,0.000000,0.000000,0.000000
43,2h,0.006354,39.296904,157.373588,3.487227,1.000000,1.000000,6,26836,0,26836,0,0.000000,0,0,0,0.000000,0.000000,0.000000,0.000000,0.000000,0.000000
43,4h,0.006405,38.985912,156.128948,3.487227,1.000000,1.000000,6,13420,0,13420,0,0.000000,0,0,0,0.000000,0.000000,0.000000,0.000000,0.000000,0.000000
43,8h,0.006431,38.830404,155.506580,3.487227,1.000000,1.000000,6,6711,0,6711,0,0.000000,0,0,0,0.000000,0.000000,0.000000,0.000000,0.000000,0.000000
43,12h,0.006439,38.778564,155.299124,3.487227,1.000000,1.000000,6,4474,0,4474,0,0.000000,0,0,0,0.000000,0.000000,0.000000,0.000000,0.000000,0.000000
43,24h,0.006448,38.726748,155.091764,3.487227,1.000000,1.000000,6,2239,0,2239,0,0.000000,0,0,0,0.000000,0.000000,0.000000,0.000000,0.000000,0.000000
44,2h,0.006391,39.073375,156.479470,5.293867,1.000000,0.982143,6,26839,0,26839,0,0.000000,0,0,0,0.000000,0.000000,0.000000,0.000000,0.000000,0.000000
44,4h,0.006422,38.883151,155.717902,5.293867,1.000000,0.982143,6,13420,0,13420,0,0.000000,0,0,0,0.000000,0.000000,0.000000,0.000000,0.000000,0.000000
44,8h,0.006438,38.788075,155.337262,5.293867,1.000000,0.982143,6,6712,0,6712,0,0.000000,0,0,0,0.000000,0.000000,0.000000,0.000000,0.000000,0.000000
44,12h,0.006443,38.756371,155.210350,5.293867,1.000000,0.982143,6,4475,0,4475,0,0.000000,0,0,0,0.000000,0.000000,0.000000,0.000000,0.000000,0.000000
44,24h,0.006448,38.724691,155.083534,5.293867,1.000000,0.982143,6,2240,0,2240,0,0.000000,0,0,0,0.000000,0.000000,0.000000,0.000000,0.000000,0.000000
45,2h,0.006391,39.073375,156.479470,5.293867,1.000000,1.000000,6,26839,0,26839,0,0.000000,0,0,0,0.000000,0.000000,0.000000,0.000000,0.000000,0.000000
45,4h,0.006422,38.883151,155.717902,5.293867,1.000000,1.000000,6,13420,0,13420,0,0.000000,0,0,0,0.000000,0.000000,0.000000,0.000000,0.000000,0.000000
45,8h,0.006438,38.788075,155.337262,5.293867,1.000000,1.000000,6,6712,0,6712,0,0.000000,0,0,0,0.000000,0.000000,0.000000,0.000000,0.000000,0.000000
45,12h,0.006443,38.756371,155.210350,5.293867,1.000000,1.000000,6,4475,0,4475,0,0.000000,0,0,0,0.000000,0.000000,0.000000,0.000000,0.000000,0.000000
45,24h,0.006448,38.724691,155.083534,5.293867,1.000000,1.000000,6,2240,0,2240,0,0.000000,0,0,0,0.000000,0.000000,0.000000,0.000000,0.000000,0.000000
46,2h,0.006398,39.029713,156.304823,5.684492,1.000000,1.000000,6,26836,0,26836,0,0.000000,0,0,0,0.000000,0.000000,0.000000,0.000000,0.000000,0.000000
46,4h,0.006425,38.863309,155.638535,5.684492,1.000000,1.000000,6,13420,0,13420,0,0.000000,0,0,0,0.000000,0.000000,0.000000,0.000000,0.000000,0.000000
46,8h,0.006439,38.780089,155.305319,5.684492,1.000000,1.000000,6,6711,0,6711,0,0.000000,0,0,0,0.000000,0.000000,0.000000,0.000000,0.000000,0.000000
46,12h,0.006444,38.752357,155.194295,5.684492,1.000000,1.000000,6,4475,0,4475,0,0.000000,0,0,0,0.000000,0.000000,0.000000,0.000000,0.000000,0.000000
46,24h,0.006448,38.724637,155.083319,5.684492,1.000000,1.000000,6,2240,0,2240,0,0.000000,0,0,0,0.000000,0.000000,0.000000,0.000000,0.000000,0.000000
47,2h,0.006398,39.029713,156.304823,5.684492,1.000000,1.000000,6,26836,0,26836,0,0.000000,0,0,0,0.000000,0.000000,0.000000,0.000000,0.000000,0.000000
47,4h,0.006425,38.863309,155.638535,5.684492,1.000000,1.000000,6,13420,0,13420,0,0.000000,0,0,0,0.000000,0.000000,0.000000,0.000000,0.000000,0.000000
47,8h,0.006439,38.780089,155.305319,5.684492,1.000000,1.000000,6,6711,0,6711,0,0.000000,0,0,0,0.000000,0.000000,0.000000,0.000000,0.000000,0.000000
47,12h,0.006444,38.752357,155.194295,5.684492,1.000000,1.000000,6,4475,0,4475,0,0.000000,0,0,0,0.000000,0.000000,0.000000,0.000000,0.000000,0.000000
47,24h,0.006448,38.724637,155.083319,5.684492,1.000000,1.000000,6,2240,0,2240,0,0.000000,0,0,0,0.000000,0.000000,0.000000,0.000000,0.000000,0.000000
48,2h,0.006399,39.020354,156.267386,5.830977,1.000000,1.000000,7,26837,0,26837,0,0.000000,0,0,0,0.000000,0.000000,0.000000,0.000000,0.000000,0.000000
48,4h,0.006426,38.859362,155.622746,5.830977,1.000000,1.000000,7,13421,0,13421,0,0.000000,0,0,0,0.000000,0.000000,0.000000,0.000000,0.000000,0.000000
48,8h,0.006439,38.778854,155.300378,5.830977,1.000000,1.000000,7,6712,0,6712,0,0.000000,0,0,0,0.000000,0.000000,0.000000,0.000000,0.000000,0.000000
48,12h,0.006444,38.752010,155.192906,5.830977,1.000000,1.000000,7,4475,0,4475,0,0.000000,0,0,0,0.000000,0.000000,0.000000,0.000000,0.000000,0.000000
48,24h,0.006448,38.725190,155.085530,5.830977,1.000000,1.000000,7,2240,0,2240,0,0.000000,0,0,0,0.000000,0.000000,0.000000,0.000000,0.000000,0.000000
