Composition,Target_Job_Length,Event_Throughput,Wall_Time_Per_Event,CPU_Time_Per_Event,Network_Transfer_MB_Per_Event,CPU_Utilization,Memory_Occupancy,Total_Groups
1,1h,0.002089,7.480492,478.751500,0.449219,0.264040,0.297781,1
1,6h,0.002232,7.000492,448.031500,0.449219,0.264040,0.297781,1
1,12h,0.002247,6.952492,444.959500,0.449219,0.264040,0.297781,1
1,18h,0.002253,6.936592,443.941900,0.449219,0.264040,0.297781,1
1,24h,0.002255,6.928492,443.423500,0.449219,0.264040,0.297781,1
2,1h,0.002136,7.363167,468.148340,0.512695,0.632755,0.649521,2
2,6h,0.002253,6.981627,443.769380,0.512695,0.632755,0.649521,2
2,12h,0.002266,6.943407,441.326900,0.512695,0.632755,0.649521,2
2,18h,0.002270,6.930627,440.512580,0.512695,0.632755,0.649521,2
2,24h,0.002272,6.924387,440.113220,0.512695,0.632755,0.649521,2
3,1h,0.002279,7.247312,438.752034,0.825195,0.638221,0.640865,2
3,6h,0.002373,6.964712,421.335234,0.825195,0.638221,0.640865,2
3,12h,0.002383,6.936632,419.602914,0.825195,0.638221,0.640865,2
3,18h,0.002386,6.927272,419.025474,0.825195,0.638221,0.640865,2
3,24h,0.002388,6.922532,418.736514,0.825195,0.638221,0.640865,2
4,1h,0.004623,7.190357,216.298993,2.011719,0.784274,0.812248,2
4,6h,0.004873,6.965237,205.217713,2.011719,0.784274,0.812248,2
4,12h,0.004899,6.942677,204.106513,2.011719,0.784274,0.812248,2
4,18h,0.004908,6.935177,203.736132,2.011719,0.784274,0.812248,2
4,24h,0.004913,6.931397,203.550913,2.011719,0.784274,0.812248,2
5,1h,0.005659,7.209929,176.705788,4.628906,0.566964,0.575949,2
5,6h,0.005873,6.990269,170.281467,4.628906,0.566964,0.575949,2
5,12h,0.005895,6.968429,169.643068,4.628906,0.566964,0.575949,2
5,18h,0.005902,6.960989,169.422268,4.628906,0.566964,0.575949,2
5,24h,0.005906,6.957449,169.323387,4.628906,0.566964,0.575949,2
6,1h,0.002279,7.241227,438.727693,0.888672,0.758814,0.768910,3
6,6h,0.002373,6.964267,421.333453,0.888672,0.758814,0.768910,3
6,12h,0.002383,6.936727,419.603293,0.888672,0.758814,0.768910,3
6,18h,0.002386,6.927487,419.026333,0.888672,0.758814,0.768910,3
6,24h,0.002388,6.922927,418.738093,0.888672,0.758814,0.768910,3
7,1h,0.004766,7.137592,209.827672,2.075195,0.858948,0.877561,3
7,6h,0.004959,6.957052,201.639112,2.075195,0.858948,0.877561,3
7,12h,0.004980,6.938932,200.815672,2.075195,0.858948,0.877561,3
7,18h,0.004986,6.932992,200.548732,2.075195,0.858948,0.877561,3
7,24h,0.004990,6.929932,200.409592,2.075195,0.858948,0.877561,3
8,1h,0.005832,7.176364,171.463267,4.692383,0.717720,0.723329,3
8,6h,0.005991,6.985264,166.906387,4.692383,0.717720,0.723329,3
8,12h,0.006008,6.966244,166.452067,4.692383,0.717720,0.723329,3
8,18h,0.006013,6.959824,166.300147,4.692383,0.717720,0.723329,3
8,24h,0.006016,6.956584,166.220467,4.692383,0.717720,0.723329,3
9,1h,0.005410,7.090797,184.851206,2.387695,0.881173,0.889815,3
9,6h,0.005557,6.951837,179.953766,2.387695,0.881173,0.889815,3
9,12h,0.005572,6.937917,179.460326,2.387695,0.881173,0.889815,3
9,18h,0.005577,6.933297,179.295866,2.387695,0.881173,0.889815,3
9,24h,0.005580,6.930957,179.217206,2.387695,0.881173,0.889815,3
10,1h,0.006755,7.153749,148.034321,5.004883,0.773810,0.765476,3
10,6h,0.006874,6.984069,145.478321,5.004883,0.773810,0.765476,3
10,12h,0.006886,6.967209,145.223441,5.004883,0.773810,0.765476,3
10,18h,0.006890,6.961509,145.135601,5.004883,0.773810,0.765476,3
10,24h,0.006892,6.958629,145.093361,5.004883,0.773810,0.765476,3
11,1h,0.006708,7.143714,149.077860,6.191406,0.937500,0.943490,3
11,6h,0.006965,6.992274,143.568900,6.191406,0.937500,0.943490,3
11,12h,0.006992,6.977214,143.021700,6.191406,0.937500,0.943490,3
11,18h,0.007001,6.972054,142.831320,6.191406,0.937500,0.943490,3
11,24h,0.007005,6.969654,142.747860,6.191406,0.937500,0.943490,3
12,1h,0.005410,7.084712,184.826865,2.451172,0.910880,0.923611,4
12,6h,0.005557,6.951392,179.951985,2.451172,0.910880,0.923611,4
12,12h,0.005572,6.938012,179.460705,2.451172,0.910880,0.923611,4
12,18h,0.005577,6.933512,179.296725,2.451172,0.910880,0.923611,4
12,24h,0.005580,6.931352,179.218785,2.451172,0.910880,0.923611,4
13,1h,0.006756,7.147664,148.009980,5.068359,0.830357,0.830357,4
13,6h,0.006874,6.983624,145.476540,5.068359,0.830357,0.830357,4
13,12h,0.006886,6.967304,145.223820,5.068359,0.830357,0.830357,4
13,18h,0.006890,6.961724,145.136460,5.068359,0.830357,0.830357,4
13,24h,0.006892,6.959024,145.094940,5.068359,0.830357,0.830357,4
14,1h,0.006952,7.110149,143.835340,6.254883,0.957933,0.962139,4
14,6h,0.007133,6.987269,140.193820,6.254883,0.957933,0.962139,4
14,12h,0.007152,6.975029,139.830700,6.254883,0.957933,0.962139,4
14,18h,0.007158,6.970889,139.709200,6.254883,0.957933,0.962139,4
14,24h,0.007161,6.968789,139.644940,6.254883,0.957933,0.962139,4
15,1h,0.008305,7.087534,120.406394,6.567383,1.000000,0.993750,4
15,6h,0.008420,6.986074,118.765754,6.567383,1.000000,0.993750,4
15,12h,0.008432,6.975994,118.602074,6.567383,1.000000,0.993750,4
15,18h,0.008436,6.972574,118.544654,6.567383,1.000000,0.993750,4
15,24h,0.008438,6.970834,118.517834,6.567383,1.000000,0.993750,4
16,1h,0.008307,7.081449,120.382053,6.630859,1.000000,1.000000,5
16,6h,0.008420,6.985629,118.763973,6.630859,1.000000,1.000000,5
16,12h,0.008432,6.976089,118.602453,6.630859,1.000000,1.000000,5
16,18h,0.008436,6.972789,118.545513,6.630859,1.000000,1.000000,5
16,24h,0.008437,6.971229,118.519413,6.630859,1.000000,1.000000,5
